;Nombre;Código NIF;Localidad;País;Código consolidación;Ultimo año disponible;"Ingresos de explotación
mil EUR
Últ. año disp."
1.;REPSOL QUIMICA SA;A28122992;MADRID;ESPANA;U1;31/12/2021;4.306.583
2.;SEGUROS CATALANA OCCIDENTE SOCIEDAD ANONIMA DE SEGUROS Y REASEGUROS;A28119220;MADRID;ESPANA;U1;31/12/2021;1.192.520
3.;SANTANDER CONSUMER FINANCE SA;A28122570;BOADILLA DEL MONTE;ESPANA;U2;31/12/2021;1.071.250
4.;ORONA S.COOP.;F20025318;HERNANI;ESPANA;U2;31/12/2020;491.390
5.;FAGOR EDERLAN S.C.;F20025292;ESKORIATZA;ESPANA;U2;31/12/2020;341.785
6.;ACCIONA FACILITY SERVICES SA;A08175994;BARCELONA;ESPANA;U2;31/12/2021;297.276
7.;TSK ELECTRONICA Y ELECTRICIDAD SA;A48035901;GIJON;ESPANA;U2;31/12/2021;264.484
8.;IRIZAR S.COOP.;F20026944;ORMAIZTEGI;ESPANA;U2;31/12/2020;214.964
9.;HALCON CERAMICAS SLU;B12008272;L'ALCORA;ESPANA;U2;31/12/2021;195.764
10.;PIENSOS DEL SEGRE SA;A25006099;BALAGUER;ESPANA;U2;31/12/2021;184.708
11.;INDUSTRIAS FRIGORIFICAS DEL LOURO, SA;A36001998;O PORRIÑO;ESPANA;U2;31/12/2020;181.021
12.;INEOS COMPOSITES HISPANIA SL.;B12008389;BENICARLO;ESPANA;U2;31/12/2021;179.231
13.;THE SPB GLOBAL CORPORATION SOCIEDAD LIMITADA.;B46020541;CHESTE;ESPANA;U1;31/12/2021;167.840
14.;ARANIA SA;A48035158;AMOREBIETA-ETXANO;ESPANA;U2;31/12/2021;161.313
15.;KNORR-BREMSE ESPAÑA S.A.;A28125078;GETAFE;ESPANA;U1;31/12/2020;160.551
16.;ELECTROLUX ESPAÑA SA;A28125706;ALCOBENDAS;ESPANA;U1;31/12/2021;157.152
17.;VALEO TERMICO SAU;A50010057;ZARAGOZA;ESPANA;U1;31/12/2021;156.657
18.;SIGNIFY IBERIA SL.;B47002811;MADRID;ESPANA;U2;31/12/2021;147.332
19.;CANON ESPAÑA SA;A28122125;ALCOBENDAS;ESPANA;U2;31/12/2021;143.815
20.;TIMAC AGRO ESPAÑA SA;A31007644;ORKOIEN;ESPANA;U1;31/12/2020;140.898
21.;BEIERSDORF SA;A28116176;TRES CANTOS;ESPANA;U1;31/12/2020;136.248
22.;ARAGONESA DE PIENSOS, SA;A50010263;UTEBO;ESPANA;U2;31/12/2021;133.364
23.;BATZ S. COOP.;F48037600;IGORRE;ESPANA;U2;31/12/2019;127.870
24.;ELECTROLUX HOME PRODUCTS ESPAÑA SA (EXTINGUIDA);A08145872;ALCOBENDAS;ESPANA;U1;31/12/2014;124.403
25.;COPRECI S.C.L.;F20025474;ARETXABALETA;ESPANA;U2;31/12/2020;118.687
26.;MATADERO FRIGORIFICO DEL CARDONER SA;A08154650;SANT JOAN DE VILATORRADA;ESPANA;U2;31/12/2020;115.993
27.;EUROMASTER AUTOMOCION Y SERVICIOS SA;A41014523;MADRID;ESPANA;U2;31/12/2020;113.669
28.;COOP AGRICOLA GANADERA DE ORENSE;F32003584;PORQUEIRA;ESPANA;U1;31/12/2016;112.820
29.;MARITIMA DEL MEDITERRANEO SAU;A08148710;BARCELONA;ESPANA;U2;31/12/2021;112.691
30.;CAJA RURAL DE ASTURIAS S.C. DE CREDITO;F33007337;OVIEDO;ESPANA;U1;31/12/2021;111.502
31.;SMITH AND NEPHEW SA;A28123297;SANT JOAN DESPI;ESPANA;U1;31/12/2020;101.834
32.;COMPAÑIA EXTREMEÑA DE ACEITES Y CEREALES SL;B10002475;;ESPANA;U1;31/12/2020;100.261
33.;SANOMA EDUCACION SL.;B28119261;TRES CANTOS;ESPANA;U1;31/12/2021;98.482
34.;TELVENT ENERGIA SAU (EXTINGUIDA);A28114981;ALCOBENDAS;ESPANA;U2;31/12/2014;85.087
35.;EBROSA SAU;A50009810;ZARAGOZA;ESPANA;U2;31/12/2021;81.099
36.;COMETAL SA;A28117026;MADRID;ESPANA;U1;30/09/2021;78.493
37.;CEMEVISA 2000 SA;A48035273;AMOREBIETA-ETXANO;ESPANA;U1;31/12/2021;76.194
38.;INFILCO ESPANOLA SA (EXTINGUIDA);A28121796;ALCOBENDAS;ESPANA;U1;31/12/2006;75.216
39.;PINTURAS HEMPEL SA;A08183881;POLINYA;ESPANA;U1;31/12/2020;72.487
40.;IQVIA INFORMATION SAU;A28117463;MADRID;ESPANA;U1;31/12/2020;71.714
41.;SANDVIK ESPAÑOLA SA;A08144032;SAN FERNANDO DE HENARES;ESPANA;U2;31/12/2020;70.304
42.;WARNER LAMBERT ESPANA S.A. (EXTINGUIDA);A08149122;EL PRAT DE LLOBREGAT;ESPANA;U2;30/11/2000;67.698
43.;MUELLES Y BALLESTAS HISPANO ALEMANAS SOCIEDAD ANONIMA (EXTINGUIDA);A12008041;CASTELLON;ESPANA;U1;31/12/2014;66.708
44.;INDUSTRIAS ALCORENSES CONFEDERADAS, SA;A12008025;L'ALCORA;ESPANA;U1;31/12/2021;66.166
45.;TALLERES JASO SL (EXTINGUIDA);B20030615;ITSASONDO;ESPANA;U1;31/12/2001;61.486
46.;SCHWARTZ HAUTMONT CONSTRUCCIONES METALICAS SOCIEDAD ANONIMA;A43007509;VILA-SECA;ESPANA;U2;31/12/2021;60.606
47.;TALLERES ZITRON, SA;A33604117;GIJON;ESPANA;U2;31/12/2021;55.668
48.;CHINCHURRETA SA;A20032678;OÑATI;ESPANA;U1;31/12/2020;55.649
49.;HERTZ DE ESPAÑA SL;B28121549;LAS ROZAS DE MADRID;ESPANA;U2;31/12/2020;55.096
50.;HIERROS DEL TURIA S.A.;A46020640;POZUELO DE ALARCON;ESPANA;U1;31/12/2021;55.069
51.;AC MARCA ADHESIVES SA.;A08147191;ALCOBENDAS;ESPANA;U1;31/12/2021;53.502
52.;COOPER-STANDARD AUTOMOTIVE ESPAÑA SL;B28125185;TARAZONA;ESPANA;U1;31/12/2021;52.644
53.;IMPREX EUROPE SL;B28115764;FUENLABRADA;ESPANA;U1;31/12/2021;51.365
54.;SOCIEDAD IBERICA DE MOLTURACION SIMSA S.A.;A28123362;MADRID;ESPANA;U1;31/08/2003;50.363
55.;UNIO NUTS S.C.C.L.;F43011287;REUS;ESPANA;U1;31/07/2019;50.308
56.;MERCANTIL INTERCONTINENTAL SA (EXTINGUIDA);A28126423;LEGANES;ESPANA;U1;31/12/2001;49.144
57.;MOTOR LLANSA SL;B08156127;BARCELONA;ESPANA;U1;31/12/2021;48.397
58.;TRANSPORTES PORTUARIOS SA;A08139404;L'HOSPITALET DE LLOBREGAT;ESPANA;U2;31/12/2019;47.845
59.;RAMIREZ SANTOS SL;B14009823;CORDOBA;ESPANA;U1;31/12/2021;47.524
60.;MCCANN ERICKSON SA;A28121192;MADRID;ESPANA;U2;31/12/2020;46.776
61.;GHESA INGENIERIA Y TECNOLOGIA SA;A28126274;MADRID;ESPANA;U2;31/12/2021;45.455
62.;GARCIA BALLESTER SL;B12008553;BORRIANA/BURRIANA;ESPANA;U2;31/07/2021;41.498
63.;HEARST ESPAÑA SL.;B31008212;MADRID;ESPANA;U1;31/12/2021;40.280
64.;SETOR SA (EXTINGUIDA);A28144160;MADRID;ESPANA;U1;31/12/2017;39.878
65.;HEIDELBERG SPAIN SL.;B08140287;CORNELLA DE LLOBREGAT;ESPANA;U1;31/03/2021;39.018
66.;RIPAY SA;A03006384;CASTALLA;ESPANA;U1;31/12/2021;38.283
67.;CABBSA OBRAS Y SERVICIOS SA;A28124519;MADRID;ESPANA;U2;31/12/2021;37.856
68.;PRODUCTOS QUIMICOS GONMISOL SA;A08186215;SANT ADRIA DE BESOS;ESPANA;U1;31/12/2020;36.584
69.;MEADWESTVACO CALMAR SLU (EXTINGUIDA);B08138703;BARCELONA;ESPANA;U1;31/12/2015;36.523
70.;CELULOSAS MOLDEADAS DE ATXONDO SA.;A48034177;ATXONDO;ESPANA;U2;31/12/2021;35.273
71.;YURRITA E HIJOS SA;A20026415;MUTRIKU;ESPANA;U1;31/12/2020;34.381
72.;PLASTICOS TA TAY SAU.;A08150583;MONTORNES DEL VALLES;ESPANA;U1;31/12/2021;33.792
73.;DESHIDRATADORA DE BINEFAR SL (EXTINGUIDA);B22003099;ESPLUS;ESPANA;U1;31/12/2010;33.297
74.;DONUT CORPORATION SEVILLA SA (EXTINGUIDA);A07011208;SEVILLA;ESPANA;U1;31/12/2001;33.273
75.;LUMELCO SA;A28118354;SAN SEBASTIAN DE LOS REYES;ESPANA;U2;31/12/2020;33.086
76.;TRABAJOS BITUMINOSOS SL;B28114957;VELILLA DE SAN ANTONIO;ESPANA;U2;31/12/2021;32.816
77.;HELLA SA;A28149813;TRES CANTOS;ESPANA;U1;31/05/2021;32.127
78.;METROPOL CERAMICA S.L. (EXTINGUIDA);B12011219;NULES;ESPANA;U1;31/12/2008;32.048
79.;COOP AGRICOLA ARAGONESA DEL EBRO;F50017938;ZARAGOZA;ESPANA;U1;31/12/2020;32.045
80.;S.C. AGRICOLA NUESTRA SEÑORA DE LAS VIRTUDES;F11016474;CONIL DE LA FRONTERA;ESPANA;U1;31/12/2020;31.860
81.;PIENSOS COMPUESTOS VICTORIA, SA;A08143588;VIC;ESPANA;U2;31/12/2020;28.723
82.;CATERPILLAR FINANCIAL CORPORACION FINANCIERA SA ESTABLECIMIENTO FINANCIERO DE CREDITO;A28125805;POZUELO DE ALARCON;ESPANA;U1;31/12/2020;28.671
83.;COMPLEMENTOS SANITARIOS SA;A08183816;GAVA;ESPANA;U2;31/12/2021;28.665
84.;AEPO SOCIEDAD ANONIMA (EXTINGUIDA);A28117992;MADRID;ESPANA;U1;31/12/2009;27.774
85.;TUBACEX, SA;A01003946;LAUDIO/LLODIO;ESPANA;U2;31/12/2021;27.496
86.;MATEU CROMO ARTES GRAFICAS SA (EXTINGUIDA);A28117604;PINTO;ESPANA;U2;31/12/2007;27.492
87.;SOREA SOCIEDAD REGIONAL DE ABASTECIMIENTO DE AGUAS SA;A08146367;BARCELONA;ESPANA;U1;31/12/2021;27.412
88.;EREDU SCI;F20025334;LEGORRETA;ESPANA;U1;31/12/2018;26.798
89.;ADARSA NORTE SA.;A39001888;SANTANDER;ESPANA;U1;31/12/2020;26.283
90.;CIUDALCAMPO SA;A28124824;COLMENAR VIEJO;ESPANA;U1;31/12/2010;25.894
91.;DAMAS SA;A28120368;HUELVA;ESPANA;U1;31/12/2014;25.830
92.;COMERCIAL DECORATIVA S.A.(EXTINGUIDA);A29005105;MADRID;ESPANA;U1;31/12/2004;25.696
93.;COMERCIO INDUSTRIA MATERIAS AGRICOLAS SA;A02002947;ALBACETE;ESPANA;U1;31/12/2021;25.465
94.;TORCIDOS IBERICOS SA;A08149478;CASTELLBELL I EL VILAR;ESPANA;U1;31/12/2004;25.314
95.;MILANO DIFUSION SA (EXTINGUIDA);A37003381;MADRID;ESPANA;U1;28/02/2005;25.129
96.;JUMBERCA SA;A08139354;BADALONA;ESPANA;U1;31/12/2000;24.959
97.;FERNANDO BUIL SAU.;A19001353;COSLADA;ESPANA;U1;31/12/2021;24.277
98.;ANGELINI BEAUTY SA.;A08144172;BARCELONA;ESPANA;U1;31/12/2021;23.871
99.;INMOBILIARIA GUADALMEDINA SA;A29005782;VALENCIA;ESPANA;U2;31/12/2020;23.780
100.;OLIVER Y BATLLE SA;A08149759;BADALONA;ESPANA;U1;31/12/2021;23.283
101.;ASTAR SA;A48039457;SONDIKA;ESPANA;U1;31/12/2021;23.186
102.;BILFINGER INDUSTRIAL SERVICES SPAIN SA (EXTINGUIDA);A28115319;ALCALA DE HENARES;ESPANA;U2;31/12/2017;23.117
103.;COOP CITRICOLA SAN ALFONSO DE BECHI COOP V;F12011524;BETXI;ESPANA;U1;31/08/2001;22.994
104.;SRG GLOBAL IBI SL.;B03006350;IBI;ESPANA;U1;31/12/2020;22.805
105.;COVIDES S.C.C.L.;F08174963;VILAFRANCA DEL PENEDES;ESPANA;U1;31/07/2017;22.381
106.;INSTRUMENTOS WIKA SA;A08143497;SABADELL;ESPANA;U1;31/12/2020;22.016
107.;VIBELBA SLU;B08143919;PALMA;ESPANA;U1;31/12/2020;21.820
108.;ESTACION DE SERVICIO ARALAR SL;B31008238;BERRIOPLANO/BERRIOBEITI;ESPANA;U1;31/12/2021;21.787
109.;MOTOR BALEAR SA;A07009988;PALMA;ESPANA;U1;31/12/2000;21.774
110.;ALCOHOLERA DE LA MANCHA, SOCIEDAD LIMITADA (EXTINGUIDA);B28126498;TOMELLOSO;ESPANA;U1;31/08/2013;21.756
111.;TERMINALES PORTUARIAS S.L. (EXTINGUIDA);B28122208;BARCELONA;ESPANA;U1;31/12/2000;21.628
112.;COMPAÑIA INTERNACIONAL DE SUMINISTROS AEREO MARITIMOS SL (EXTINGUIDA);B08140717;BARCELONA;ESPANA;U1;31/12/2011;21.565
113.;PROMOCIONES URBANAS SL (EXTINGUIDA);B28126126;MADRID;ESPANA;U1;31/12/2019;21.207
114.;OBRAS Y ESTRUCTURAS SA (EXTINGUIDA);A28124246;MADRID;ESPANA;U1;31/12/2010;19.905
115.;CEGELEC SA;A28123552;SAN FERNANDO DE HENARES;ESPANA;U1;31/12/2021;19.744
116.;TOP, PROYECTOS Y CONTRATAS SL.;B08156572;BARCELONA;ESPANA;U2;31/12/2016;19.147
117.;KLOCKNER IBERICA S.L. (EXTINGUIDA);B28128726;ALCOBENDAS;ESPANA;U1;31/12/2006;18.500
118.;EKON CLOUD COMPUTING SOLUTIONS SAU;A08147811;MADRID;ESPANA;U2;31/12/2020;18.498
119.;DONUT CORPORATION MALAGA SA (EXTINGUIDA);A29005758;MALAGA;ESPANA;U1;30/12/2001;18.154
120.;CUPIRE PADESA SL;B32001588;CARBALLEDA DE VALDEORRAS;ESPANA;U2;31/12/2021;17.538
121.;SANTIAGO JUANDO SA;A17007063;FORNELLS DE LA SELVA;ESPANA;U1;31/12/2020;17.286
122.;ELDU, SA;A48035141;BILBAO;ESPANA;U1;31/12/2021;17.246
123.;HARINERA CANARIA SA;A35004399;AGÜIMES;ESPANA;U1;31/12/2020;17.227
124.;INDUSTRIAS PROA SA;A36603967;VIGO;ESPANA;U1;31/12/2021;17.135
125.;INDUSTRIAS PONSA SA;A08148058;MADRID;ESPANA;U1;31/12/2021;16.926
126.;MIKY SL;B08150435;TERRASSA;ESPANA;U2;31/12/2021;16.637
127.;CASALS CARDONA INDUSTRIAL SA;A08149668;MANRESA;ESPANA;U1;31/12/2020;16.361
128.;EXPORTADORA D AGRIS D'ALCANAR S.C. CL;F12011052;ALCANAR;ESPANA;U1;30/09/2018;15.775
129.;COOP COMARCAL DE TRANSPORTES;F22002836;MONZON;ESPANA;U1;31/12/2014;15.756
130.;ESSENTRA PACKAGING SA.;A08147233;MONTCADA I REIXAC;ESPANA;U1;31/12/2020;15.698
131.;INDUSTRIAS TAJO S.C.L.;F20025391;OIARTZUN;ESPANA;U2;31/12/2020;15.231
132.;RECEPTORA DE LIQUIDOS SA;A08145385;BARCELONA;ESPANA;U1;31/12/2021;15.146
133.;SBI CONNECTORS ESPAÑA SA;A28124501;SANT ESTEVE SESROVIRES;ESPANA;U1;31/12/2017;15.046
134.;SUSAETA EDICIONES SA;A28120087;MADRID;ESPANA;U1;31/12/2021;14.778
135.;SUCESORES DE JOSE ESCUDER SL;B08152423;RUBI;ESPANA;U1;31/12/2021;14.644
136.;COOP CORUÑESA TRANSPORTES PESCADO TRANSPECO;F15032576;A CORUÑA;ESPANA;U1;31/12/2015;14.394
137.;ROCHINA SOCIEDAD ANONIMA UNIPERSONAL (EXTINGUIDA);A46020327;VALENCIA;ESPANA;U1;31/12/2012;14.356
138.;VIAJES INSULAR, SA;A35004670;LAS PALMAS DE GRAN CANARIA;ESPANA;U1;31/12/2021;14.141
139.;LERIDA UNION QUIMICA SA;A25005901;SUDANELL;ESPANA;U1;31/12/2021;13.966
140.;LABORATORIOS FOURNIER SA (EXTINGUIDA);A08147928;BARCELONA;ESPANA;U1;31/12/2007;13.843
141.;BIL-BU SOCIEDAD LIMITADA MATERIALES DE CONSTRUCCION. (EXTINGUIDA);B48036487;AMOREBIETA-ETXANO;ESPANA;U1;31/12/2005;13.761
142.;EBROACERO, SA;A50009844;ZARAGOZA;ESPANA;U1;31/12/2021;13.756
143.;DESHIDRATACIONES Y CONSERVAS AGRICOLAS, SA;A50010149;ZARAGOZA;ESPANA;U1;31/12/2021;13.728
144.;HOSPITAL NUESTRA SEÑORA DEL PERPETUO SOCORRO, SOCIEDAD ANONIMA;A30602965;CARTAGENA;ESPANA;U1;31/12/2020;13.366
145.;COMERCIAL SETABENSE SA;A46020558;XATIVA;ESPANA;U2;31/12/2020;13.346
146.;MIBA SCL;F48039507;MARKINA-XEMEIN;ESPANA;U1;31/12/2015;13.251
147.;KELVION THERMAL SOLUTIONS SOCIEDAD ANONIMA.;A48037550;IGORRE;ESPANA;U1;31/12/2021;13.169
148.;COOP AGRICOLA VINICOLA EXTREMEÑA SAN JOSE;F06003446;VILLAFRANCA DE LOS BARROS;ESPANA;U1;31/08/2020;12.963
149.;CAJA RURAL DE GUISSONA SOCIEDAD COOPERATIVA DE CREDITO;F25014754;GUISSONA;ESPANA;U1;31/12/2021;12.797
150.;SPX FLOW TECHNOLOGY IBERICA SA (EXTINGUIDA);A28121127;MADRID;ESPANA;U1;31/12/2017;12.698
151.;CENTRAL DE FRADES SOCIEDADE COOP GALEGA;F15018534;FRADES;ESPANA;U1;31/12/2020;12.472
152.;TECNITOYS JUGUETES SA  (EXTINGUIDA);A08140543;BARCELONA;ESPANA;U1;31/03/2011;12.318
153.;AGRICOLA LEONESA SA;A24004053;LEON;ESPANA;U1;31/12/2013;12.105
154.;TRIUMPH INTERNACIONAL SA;A28118255;MADRID;ESPANA;U1;31/12/2021;12.034
155.;COCALNI COOP V;F12010450;ALQUERIES/ALQUERIAS NIÑO PERDIDO;ESPANA;U1;30/09/2016;11.837
156.;MASIA SA DE VIDRIOS Y CRISTALES;A08139529;SABADELL;ESPANA;U1;31/12/2021;11.777
157.;FILLATTICE IBERICA S.L. (EXTINGUIDA);B08142192;MONTORNES DEL VALLES;ESPANA;U1;31/12/2001;11.635
158.;PRODUCTOS CARNICOS PIRENE SOCIEDAD ANONIMA (EXTINGUIDA);A17007311;LES PLANES D'HOSTOLES;ESPANA;U1;31/12/2009;11.550
159.;CROUZET SA (EXTINGUIDA);A08142085;BARCELONA;ESPANA;U1;31/12/2001;11.254
160.;TEXIDO SA;A08143422;LLIÇA DE VALL;ESPANA;U1;31/12/2021;11.088
161.;S.C. AGRICOLA SANTA MARTA VIRGEN;F06003404;SANTA MARTA;ESPANA;U1;31/07/2018;10.861
162.;EDICIONS 62, SA;A08148991;BARCELONA;ESPANA;U2;31/12/2021;10.842
163.;ARATUR SL;B50010859;ZARAGOZA;ESPANA;U1;31/12/2021;10.492
164.;S.C. ANDALUZA SOR ANGELA DE LA CRUZ LTDA;F41021494;ESTEPA;ESPANA;U1;31/12/2019;10.451
165.;COUTH INDUSTRIAL MARKING SYSTEMS SL.;B20024956;HERNANI;ESPANA;U1;31/12/2021;10.399
166.;COMERCIAL AUTOMOVILISTICA IRUNESA S.A. (EXTINGUIDA);A20023628;IRUN;ESPANA;U1;31/12/2000;10.362
167.;TALLERES DE COSLADA SA (EXTINGUIDA);A28123453;CAMARMA DE ESTERUELAS;ESPANA;U1;31/12/2002;10.362
168.;ABANTIA FLUID & GAS S.A. (EXTINGUIDA);A08140303;SANT BOI DE LLOBREGAT;ESPANA;U1;31/12/2007;10.005
169.;GAEZ SL (EXTINGUIDA);B28132058;ARGANDA DEL REY;ESPANA;U1;31/12/2020;9.597
170.;INDUSTRIA DEL FRIO AUXILIAR CONSERVERA SA;A48034482;BERMEO;ESPANA;U1;31/12/2021;9.462
171.;COMERCIAL BOIZ SA;A28122711;MADRID;ESPANA;U1;31/12/2021;9.322
172.;AYORA GEA TRANSPORTES PETROLIFEROS SA. (EN LIQUIDACION);A46020491;ALBUIXECH;ESPANA;U1;31/12/2020;9.157
173.;PONDEX AVICOLA SL (EXTINGUIDA);B50010339;JUNEDA;ESPANA;U1;31/12/2009;9.114
174.;VYC INDUSTRIAL SA;A08147357;TERRASSA;ESPANA;U1;31/12/2021;9.045
175.;SA DE MANUFACTURAS OPTICAS (EXTINGUIDA);A43017565;VILOBI DEL PENEDES;ESPANA;U1;31/12/2006;9.040
176.;TINTAS ARZUBIALDE SA (EXTINGUIDA);A26004325;LOGROÑO;ESPANA;U1;31/12/2008;9.002
177.;COOP VINICOLA DE CENICERO;F26005983;CENICERO;ESPANA;U1;30/09/2018;8.845
178.;EUROMAQUINA SL ASOCIACION DE FABRICANTES EUROPEOS DE MAQUINAS HERRAMIENTAS;B28121036;MADRID;ESPANA;U1;31/12/2021;8.810
179.;CEPSA LEMA SL. (EXTINGUIDA);B28124980;MADRID;ESPANA;U1;31/12/2016;8.728
180.;SETA SOCIEDAD ESPAÑOLA DE TRATAMIENTO DE AGUA SL (EN LIQUIDACION);B28142842;RIVAS-VACIAMADRID;ESPANA;U1;31/12/2018;8.538
181.;CEPSA DISCO SL. (EXTINGUIDA);B28137594;MADRID;ESPANA;U1;31/12/2018;8.499
182.;FRANCISCO BUFORT ALEMANY SL (EXTINGUIDA);B03010782;ALICANTE/ALACANT;ESPANA;U1;31/12/2005;8.480
183.;GRABISA TINTES Y ACABADOS SL (EXTINGUIDA);B28127652;VILADECAVALLS;ESPANA;U1;31/12/2017;8.399
184.;LABORATORIOS ESPINOS Y BOFILL SA;A08150450;CORNELLA DE LLOBREGAT;ESPANA;U1;31/12/2021;8.361
185.;RPK METAL FORMING SOCIEDAD ANONIMA.;A43007038;TARRAGONA;ESPANA;U1;31/12/2021;8.292
186.;CASBAR TECNOLOGIA INDUSTRIAL SL (EN LIQUIDACION);B28126019;LEGANES;ESPANA;U1;31/12/2010;7.991
187.;EL BATAN ESTACION DE SERVICIO SA;A28123875;MADRID;ESPANA;U1;31/12/2015;7.884
188.;LUCERO DE LEVANTE SL;B03010634;ALACANT/ALICANTE;ESPANA;U1;31/12/2021;7.809
189.;PREFABRICADOS RESISTENTES SA (EXTINGUIDA);A28118719;GETAFE;ESPANA;U1;31/12/2003;7.771
190.;ISPHORDING HISPANIA SA  (EXTINGUIDA);A31008055;ALTSASU/ALSASUA;ESPANA;U1;31/12/2006;7.740
191.;FRUTOS Y ZUMOS SA;A46021069;ALBAL;ESPANA;U1;31/12/2021;7.544
192.;PROTECCIONES ELECTRICAS DE ALTA PRECISION SA  (EXTINGUIDA);A48035174;BILBAO;ESPANA;U1;31/12/2006;7.317
193.;ARCHEL SA (EN LIQUIDACION);A28126746;ALCORCON;ESPANA;U1;31/12/2007;7.204
194.;CENTRE CULTURAL I ESPORTIU XALOC, SOCIEDAD ANONIMA;A08147555;L'HOSPITALET DE LLOBREGAT;ESPANA;U1;31/08/2021;7.187
195.;UNION HARINERA SL;B18004036;PELIGROS;ESPANA;U1;31/12/2021;6.820
196.;ANDRES Y PLASA SA;A43007442;SANTA OLIVA;ESPANA;U1;31/12/2021;6.724
197.;SA DE TINTES Y ACABADOS (EXTINGUIDA);A08140527;CASTELLAR DEL VALLES;ESPANA;U1;31/12/2004;6.608
198.;ABRASIVOS MANHATTAN SA;A01003953;VITORIA-GASTEIZ;ESPANA;U1;31/12/2021;6.491
199.;SOLARES Y EDIFICIOS NORTEÑOS SOCIEDAD LIMITADA;B48035919;GALDAKAO;ESPANA;U1;31/12/2021;6.446
200.;CERAMICA ELITE PLUS S.L. (EXTINGUIDA);B12008611;ALCORA;ESPANA;U1;31/12/2004;6.380
201.;VILLALBA REOLID SL;B02002848;ALBACETE;ESPANA;U1;31/12/2021;6.321
202.;PLASTICOS GALICIA SA (EXTINGUIDA);A36603991;VIGO;ESPANA;U1;31/12/2003;6.273
203.;MANUFACTURAS HEPYC SA;A20011482;HERNANI;ESPANA;U1;31/12/2021;6.199
204.;ASOC DE INVESTIGACION INDUSTRIAL ICEA INVESTIGACION COOP ENTRE ENTIDADES ASEGURADORAS;G28646313;MADRID;ESPANA;U1;31/12/2017;6.174
205.;GARATGE HUGUET SA (EN LIQUIDACION);A08146474;VILAFRANCA DEL PENEDES;ESPANA;U2;31/12/2016;6.159
206.;COOP DEL CAMPO SAN MARCOS BIACETENSE LIMITADA;F22002851;BINACED;ESPANA;U1;31/12/2010;6.145
207.;BOWE SYSTEC SA;A28128247;MADRID;ESPANA;U1;31/12/2020;6.099
208.;LOS MOLINOS DE IBIZA, SA;A07010176;SANTA MARGALIDA;ESPANA;U1;31/12/2021;6.095
209.;CEPSA CIUBAR SA. (EXTINGUIDA);A28125276;MADRID;ESPANA;U1;31/12/2016;6.077
210.;METALCOLOR, SA;A26004457;CALAHORRA;ESPANA;U1;31/12/2021;6.044
211.;NOVOMONTAJE SL (EN LIQUIDACION);B28116283;MADRID;ESPANA;U1;31/12/2010;5.999
212.;INDUSTRIAS REGARD SA (EXTINGUIDA);A08150559;BARBERA DEL VALLES;ESPANA;U1;31/12/2004;5.769
213.;LURGI, SA UNIPERSONAL (EXTINGUIDA);A48036115;MADRID;ESPANA;U1;31/12/2010;5.644
214.;GIRONA OLIVA COLL CASASNOVAS INGENIEROS SA;A07010531;PALMA;ESPANA;U1;31/12/2019;5.610
215.;HELIOPAL SA;A07010390;CALVIA;ESPANA;U1;31/12/2021;5.589
216.;AUTOBUSES DE BUÑOL SL;B46001855;VALENCIA;ESPANA;U1;31/12/2021;5.541
217.;MANUFACTURA DE CAUCHO Y FIBRA SA (EXTINGUIDA);A07010762;CORNELLA DE LLOBREGAT;ESPANA;U1;31/12/2009;5.358
218.;QUIMILOCK SA;A28115988;GETAFE;ESPANA;U1;31/12/2020;5.354
219.;INJAR SOCIEDAD ANONIMA;A35004357;LAS PALMAS DE GRAN CANARIA;ESPANA;U1;31/12/2021;5.353
220.;LEONARDO AZPIRI SA;A20024832;EIBAR;ESPANA;U1;31/12/2021;5.234
221.;COMERCIAL QUIMICA DEL CAUCHO SL;B03007077;ELCHE/ELX;ESPANA;U1;31/12/2020;5.157
222.;KYMEY SL;B30008619;MURCIA;ESPANA;U1;31/12/2021;5.148
223.;SEPARATOR SA  (EXTINGUIDA);A28124311;PINTO;ESPANA;U1;31/12/2009;4.846
224.;DOBERT TEXTILE GROUP SA.;A08141269;SANT QUIRZE DEL VALLES;ESPANA;U1;31/12/2021;4.801
225.;MANUEL LORENZO E HIJOS SL;B37003407;SALAMANCA;ESPANA;U1;31/12/2021;4.771
226.;FRIGORIFICOS PUERTA PRADO SA (EXTINGUIDA);A36609923;VIGO;ESPANA;U1;31/12/2000;4.647
227.;ARILFRUT SA;A25005877;LLEIDA;ESPANA;U1;31/12/2020;4.641
228.;COMERCIAL MIRASIERRA SA;A28121663;MADRID;ESPANA;U2;31/12/2020;4.619
229.;CARBURANTES SETABENSES SL;B46035044;XATIVA;ESPANA;U1;31/12/2019;4.570
230.;OILGEAR TOWLER SA;A20025987;HERNANI;ESPANA;U1;31/12/2020;4.565
231.;PIENSOS ARB SA;A25006107;LLEIDA;ESPANA;U1;31/12/2020;4.490
232.;ACCESORIOS PARA ELEVACION Y TRANSPORTE SA;A20034930;LEZO;ESPANA;U1;31/12/2021;4.427
233.;HOTEL PLAYA VICTORIA SA;A11004017;CADIZ;ESPANA;U1;31/12/2021;4.278
234.;TALLERES DE CONFECCION SA (EN LIQUIDACION);A46023347;VALENCIA;ESPANA;U1;31/12/2000;4.271
235.;REDESMAR SA;A03011079;ALBATERA;ESPANA;U1;31/12/2021;4.154
236.;INDUSTRIAS METALURGICAS AUXILIARES SA;A02002806;CHINCHILLA DE MONTE-ARAGON;ESPANA;U1;31/12/2021;4.135
237.;B B CHOCOLATE GRUP SA (EXTINGUIDA);A08146318;SANT JOAN DESPI;ESPANA;U1;31/12/2019;4.122
238.;SCA OLIVARERA Y CEREALISTA SAN SEBASTIAN DE LOS BALLESTEROS;F14010771;SAN SEBASTIAN DE LOS BALLESTEROS;ESPANA;U1;31/12/2019;4.111
239.;SAFETY IBERICA METAL DURO SA (EXTINGUIDA);A08148041;MARTORELLES;ESPANA;U1;31/12/2006;4.071
240.;LAVAPLAN INDUSTRIAS DEL LAVADO Y PLANCHADO S.L. (EXTINGUIDA);B46021853;QUART DE POBLET;ESPANA;U1;31/12/2016;4.004
241.;BERBEGAL SL;B46020855;RIBA-ROJA DE TURIA;ESPANA;U1;31/12/2021;3.951
242.;LA VOZ DE ASTURIAS SOCIEDAD ANONIMA (EXTINGUIDA);A33007535;OVIEDO;ESPANA;U1;31/12/2010;3.950
243.;BODEGA REAL DE NAJERA S.C.;F26006056;NAJERA;ESPANA;U1;30/09/2020;3.928
244.;HOTELERA INSULAR SL;B07009897;PALMA;ESPANA;U1;31/10/2021;3.927
245.;SERMONT SA;A08140592;BARCELONA;ESPANA;U1;31/12/2021;3.864
246.;ROCHE SOCIEDAD ANONIMA MUNICIPAL;A11004082;CONIL DE LA FRONTERA;ESPANA;U1;31/12/2021;3.857
247.;CHEYPER SL;B28279123;MADRID;ESPANA;U1;31/12/2020;3.828
248.;AGRO OLIVARERA NTRA SEÑORA DE LA SOLEDAD SDAD ANDALUZA;F18009068;HUESCAR;ESPANA;U1;31/12/2018;3.789
249.;MATELCO NUCLEONIC SA.;A08140428;CORNELLA DE LLOBREGAT;ESPANA;U1;31/12/2021;3.787
250.;FLEXOR SA;A08155657;LA CAROLINA;ESPANA;U1;31/12/2021;3.758
251.;CLINICA MATERNAL NUESTRA SEÑORA DE BELEN SA (EXTINGUIDA);A30008403;MURCIA;ESPANA;U1;31/12/2014;3.743
252.;AGROPECUARIA PAJARITOS SA;A28116432;MADRID;ESPANA;U1;31/12/2018;3.672
253.;AVENIDA ESTACIO SERVEI GRANOLLERS SL;B08154528;GRANOLLERS;ESPANA;U1;31/12/2020;3.629
254.;SOCIEDAD COOPERATIVA AVICOLA Y GANADERA DE NAJERA (EN LIQUIDACION);F26009241;URUÑUELA;ESPANA;U1;31/12/2005;3.614
255.;GALVANIZACION MADRILEÑA SA  (EXTINGUIDA);A28114924;GETAFE;ESPANA;U1;31/12/2011;3.549
256.;AUTOCARES DEL PENEDES SA;A43007814;EL VENDRELL;ESPANA;U1;31/12/2021;3.542
257.;PESQUERA LAURAK BAT SA;A31016496;PASAIA;ESPANA;U1;31/12/2021;3.540
258.;BALCON DE EUROPA SA;A29005097;NERJA;ESPANA;U1;31/12/2021;3.478
259.;MIRAFLORES SL;B41009929;SEVILLA;ESPANA;U1;31/12/2021;3.452
260.;INDUSTRIAS FELFAN SL (EN LIQUIDACION);B08146359;CORNELLA DE LLOBREGAT;ESPANA;U1;31/12/2007;3.356
261.;CONSTRUCCIONES RESIDENCIALES Y SOCIALES SA;A28121309;MADRID;ESPANA;U1;31/12/2021;3.299
262.;CENTRO DE INVESTIGACION Y DESARROLLO SA  (EXTINGUIDA);A24004061;LA ROBLA;ESPANA;U1;31/12/2014;3.239
263.;MANBAR SL  (EXTINGUIDA);B08155517;BARCELONA;ESPANA;U1;31/12/2007;3.227
264.;ESTACIONES DE SERVICIO HOFIRA SL;B46020830;MONCADA;ESPANA;U1;31/12/2021;3.210
265.;EUROWILCOM SA;A28117786;MADRID;ESPANA;U1;31/12/2021;3.187
266.;MADERAS MARTINEZ HERMANOS SL;B08154577;MANRESA;ESPANA;U1;31/12/2010;3.180
267.;UNILEO SA;A24004178;LEON;ESPANA;U1;31/08/2021;3.172
268.;BALFAGON SL (EXTINGUIDA);B08228611;BARCELONA;ESPANA;U1;31/12/2014;3.091
269.;TELSTAR SA (EXTINGUIDA);A08182206;TERRASSA;ESPANA;U2;31/12/2012;3.085
270.;BODEGA COOP SAN COSME Y SAN DAMIAN DEL VALLE DE OCON;F26009118;EL REDAL;ESPANA;U1;31/08/2020;3.080
271.;FORRADOS Y ACABADOS MODERNOS PARES SA;A17007477;OLOT;ESPANA;U1;31/12/2021;3.075
272.;REPARACIONES DE CARROCERIAS DE TURISMOS S.A. (EXTINGUIDA);A08140683;BARCELONA;ESPANA;U1;31/12/2008;3.045
273.;AGRICOLA DE GARRIGUELLA I RABOS S.C.C.L.;F17015033;GARRIGUELLA;ESPANA;U1;31/12/2017;3.005
274.;TALAMANCA SL;B07011117;EIVISSA;ESPANA;U1;31/12/2021;2.980
275.;FEBERSA INDUSTRIAL SA (EXTINGUIDA);A08147985;SANT ADRIA DE BESOS;ESPANA;U1;31/12/2007;2.948
276.;EDIFICACIONES TURISTICAS SOCIEDAD ANONIMA;A28116523;EIVISSA;ESPANA;U1;31/12/2021;2.909
277.;PLASTICAS MAJADAHONDA SL  (EXTINGUIDA);B28119188;MAJADAHONDA;ESPANA;U1;31/12/2007;2.903
278.;CONSTRINVESTA SOCIEDAD ANONIMA;A28121895;SANTA EULARIA DES RIU;ESPANA;U1;31/12/2021;2.874
279.;PESQUERA INCHORTA SA  (EXTINGUIDA);A48036552;ONDARROA;ESPANA;U1;31/12/2003;2.855
280.;NAVARRETE E HIJOS, SA  (EXTINGUIDA);A46014650;MONCADA;ESPANA;U1;31/12/2013;2.841
281.;ACCESORIOS Y RESORTES SL;B03006681;IBI;ESPANA;U1;31/12/2021;2.835
282.;BOBES, SA;A28119121;EL MOLAR;ESPANA;U1;31/12/2005;2.829
283.;PROCESO TRASVISOL SA;A28121655;PINTO;ESPANA;U1;31/12/2021;2.807
284.;BODEGA VINA BAJOZ (EN LIQUIDACION);F49002223;MORALES DE TORO;ESPANA;U1;30/09/2000;2.803
285.;GRANJA VILLANUEVA SA;A31008253;ARTAJONA;ESPANA;U1;31/12/2020;2.760
286.;ALBATERENSE SA. (EXTINGUIDA);A03011186;ALICANTE/ALACANT;ESPANA;U1;31/12/2007;2.725
287.;BROS SL  (EXTINGUIDA);B08139198;SABADELL;ESPANA;U1;31/12/2016;2.690
288.;DENISON HYDRAULICS SL (EXTINGUIDA);B08181539;GAVA;ESPANA;U1;30/06/2004;2.651
289.;BELTRAN HERMANOS SL;B12008769;ALMASSORA;ESPANA;U1;31/12/2021;2.643
290.;ACTIUS DE MUNTANYA SAU;A08141897;BARCELONA;ESPANA;U1;31/12/2020;2.632
291.;TORNILLERIA DEL BESOS SL;B08148728;BARCELONA;ESPANA;U1;31/12/2021;2.613
292.;PRODUCTOS RUCA SL;B18003772;PELIGROS;ESPANA;U1;31/12/2021;2.608
293.;LIDO YARIN S A;A46022117;TORRENT;ESPANA;U1;31/12/2005;2.588
294.;COMERCIO Y REALIZACIONES INDUSTRIALES SA (EXTINGUIDA);A11901311;CEUTA;ESPANA;U1;31/12/2004;2.574
295.;AUXITROL IBERICO SA (EXTINGUIDA);A28124394;TORREJON DE ARDOZ;ESPANA;U1;31/10/2002;2.555
296.;DELOULE ESPAÑOLA SA;A17006768;FIGUERES;ESPANA;U1;31/12/2021;2.539
297.;LORENZO MATIA ALBIZU SL;B08186132;BADALONA;ESPANA;U1;31/12/2021;2.520
298.;SOCIEDAD ESPAÑOLA DE MANUTENCION SL;B39004387;EL ASTILLERO;ESPANA;U1;31/12/2021;2.519
299.;ACANTILADOS DE LOS GIGANTES, SOCIEDAD ANONIMA;A38002432;SANTA CRUZ DE TENERIFE;ESPANA;U1;31/12/2021;2.500
300.;HOTELES Y APARTAMENTOS SA;A07010119;CAPDEPERA;ESPANA;U1;31/12/2021;2.475
301.;TORHO, SOCIEDAD ANONIMA;A08142275;GIRONA;ESPANA;U1;31/12/2019;2.464
302.;TECNOGRAF SA;A08147886;CERDANYOLA DEL VALLES;ESPANA;U1;31/12/2007;2.441
303.;INMOBILIARIA CIUDAD PUERTA DE HIERRO SL (EXTINGUIDA);B28116770;MADRID;ESPANA;U1;31/12/2000;2.360
304.;HERMANOS PEREZ MARIN SL;B30008569;MURCIA;ESPANA;U1;31/12/2021;2.347
305.;ECOTUR CALELLA SOCIEDAD LIMITADA.;B17007857;PALAFRUGELL;ESPANA;U1;31/12/2021;2.286
306.;INOXARTE SL  (EXTINGUIDA);B08156465;L'HOSPITALET DE LLOBREGAT;ESPANA;U1;31/12/2010;2.232
307.;BERCEO SA;A26004390;LOGROÑO;ESPANA;U1;31/12/2021;2.232
308.;HIJOS DE SIMON MAESTRA GARCIA SA (EXTINGUIDA);A18004168;BAZA;ESPANA;U1;31/12/2007;2.220
309.;CLUB FLUVIAL DE LUGO;G27008549;LUGO;ESPANA;U1;31/12/2021;2.208
310.;INMOBILIARIA MONZON SA;A46020434;PUÇOL;ESPANA;U1;31/12/2015;2.205
311.;GOYA SOCIEDAD LIMITADA  (EXTINGUIDA);B28117224;MADRID;ESPANA;U1;31/12/2017;2.197
312.;ASTURIANA DE CALCITAS SL;B33007253;CABRALES;ESPANA;U1;31/12/2021;2.190
313.;MATELCO SA;A08151623;CASTELLDEFELS;ESPANA;U1;31/12/2021;2.165
314.;PROMOCIONES URBANAS SL (EN LIQUIDACION);B46436259;VALENCIA;ESPANA;U1;31/12/2009;2.146
315.;AURMAN SOCIEDAD ANONIMA;A48035802;BILBAO;ESPANA;U1;31/12/2021;2.136
316.;COMPAÑIA LERIDANA DE CONGELACION SA (EXTINGUIDA);A25005885;ALCOLETGE;ESPANA;U1;31/10/2014;2.123
317.;ICH SL;B46048518;QUART DE POBLET;ESPANA;U1;31/12/2021;2.087
318.;TALLERES MENDIZABAL SA;A20070892;ZUMARRAGA;ESPANA;U1;31/12/2021;2.056
319.;INVESTIGACION Y PROYECTOS DE VEHICULOS ESPECIALES S.A.  (EXTINGUIDA);A27002740;A PONTENOVA;ESPANA;U1;31/12/2010;2.055
320.;HOTEL LOS FARIONES SA;A35004282;TIAS;ESPANA;U1;31/12/2020;2.047
321.;COMBUSTIBLES Y TRANSPORTES OLIVELLA SA;A08147076;BARCELONA;ESPANA;U1;31/12/2020;2.046
322.;R VOLART PONS Y COMPAÑIA SL;B08153520;BARCELONA;ESPANA;U1;31/12/2021;2.032
323.;TORNILLERIA SEGUR SA;A20046033;BERGARA;ESPANA;U1;31/12/2020;2.015
324.;LOPEZ Y ORGAZ SL (EXTINGUIDA);B28131530;YUNCOS;ESPANA;U1;31/12/2004;2.015
325.;VIUDA DE TADEO JUAN SA;A03010535;ALCOI/ALCOY;ESPANA;U1;31/12/2021;2.001
326.;FRANCO ESPANOLA DE SALAZONES SL (EN LIQUIDACION);B20026134;HONDARRIBIA;ESPANA;U1;31/12/2019;1.967
327.;ENRIQUE ALEMAN SA;A29005535;MALAGA;ESPANA;U1;31/12/2020;1.955
328.;JARILLA SL;B06002448;VILLANUEVA DE LA SERENA;ESPANA;U1;31/12/2016;1.938
329.;BON REPOS SL;B08152472;SANTA SUSANNA;ESPANA;U1;31/12/2020;1.927
330.;JESUS UNSAIN, SA;A31008196;GALAR;ESPANA;U2;31/12/2021;1.914
331.;FOMENTO INDUSTRIAS DEL TURISMO SL;B07010713;PALMA;ESPANA;U1;31/12/2021;1.912
332.;CRISTALERIAS SABADELL SA;A08181927;SABADELL;ESPANA;U1;31/12/2008;1.897
333.;J QUIJANO SL  (EXTINGUIDA);B28118800;MADRID;ESPANA;U1;31/12/2010;1.896
334.;ACCESORIOS TEXTILES E INDUSTRIALES SA;A08150609;GRANOLLERS;ESPANA;U1;31/12/2021;1.893
335.;BOMER SA;A08141707;ABRERA;ESPANA;U1;31/12/2015;1.879
336.;OPTICA CIENTIFICA BURGALESA SL (EXTINGUIDA);B09013376;BURGOS;ESPANA;U1;31/12/2006;1.864
337.;CALSAMA SL (EN LIQUIDACION);B15011257;OLEIROS;ESPANA;U1;31/12/2010;1.849
338.;GENOVA, SA;A28124840;MADRID;ESPANA;U1;31/12/2021;1.845
339.;GRUPO INDUSTRIAL ERCOLE MARELLI SA (EXTINGUIDA);A08148652;ILLESCAS;ESPANA;U2;31/12/2009;1.822
340.;SAMPSON ESPAÑOLA SA;A07014376;LLUCMAJOR;ESPANA;U1;31/12/2020;1.800
341.;LAVANDERIAS MECANICAS CRISOL SL;B35004506;TELDE;ESPANA;U1;31/12/2020;1.773
342.;COOP COMARCAL AGROPECUARIA CUNALPINAR;F33010679;GRADO;ESPANA;U1;31/12/2017;1.721
343.;TALLERES BAKELAN SA (EN LIQUIDACION);A48037055;PORTUGALETE;ESPANA;U1;31/12/2009;1.714
344.;INMOBILIARIA PUIGCARBO SA;A08139826;BARCELONA;ESPANA;U1;31/12/2021;1.691
345.;AGRICOLA I SECCIO DE CREDIT TERRA ALTA S.C.C.L.;F43013671;LA POBLA DE MASSALUCA;ESPANA;U1;31/12/2018;1.683
346.;CONSTRUCCIONES SAREZ S.A. (EXTINGUIDA);A20025979;DONOSTIA-SAN SEBASTIAN;ESPANA;U1;31/12/2004;1.676
347.;TRANSPORTES INTERCOMARCALES SA;A17006982;PALOL DE REVARDIT;ESPANA;U1;31/12/2021;1.671
348.;ESCALERAS Y OBJETOS PRACTICOS SA (EXTINGUIDA);A08140238;GRANOLLERS;ESPANA;U1;31/12/2011;1.667
349.;SUCA SA (EN LIQUIDACION);A17007238;FIGUERES;ESPANA;U1;31/12/2018;1.651
350.;AGRICULTURA Y ACTIVIDADES TURISTICAS SA;A07010440;MAO-MAHON;ESPANA;U1;31/12/2016;1.635
351.;COMPAÑIA DE INSTRUMENTACION Y CONTROL SL;B28121465;ALCOBENDAS;ESPANA;U1;31/12/2021;1.615
352.;EDUARDO RABINAD SA (EXTINGUIDA);A08141228;BARCELONA;ESPANA;U1;31/12/2001;1.582
353.;PICOS DE URBION S.C.;F42000596;DURUELO DE LA SIERRA;ESPANA;U1;31/12/2006;1.573
354.;JOAQUIN FERRER Y COMPAÑIA SL;B11901246;CEUTA;ESPANA;U1;31/12/2021;1.526
355.;GRAFOFFSET SL (EN LIQUIDACION);B28141182;GETAFE;ESPANA;U1;31/12/2012;1.516
356.;HIJOS DE JOSE SANMARTI SL;B09003039;BURGOS;ESPANA;U1;31/12/2021;1.498
357.;ALBERGUES Y HOTELES DEL MEDITERRANEO SOCIEDAD LIMITADA;B43007392;EL VENDRELL;ESPANA;U1;31/12/2021;1.483
358.;FRANCISCO CARABEL Y HERMANOS SA;A15010994;MADRID;ESPANA;U1;31/12/2021;1.475
359.;BULYBA SL;B11901261;CEUTA;ESPANA;U1;31/12/2012;1.445
360.;AUTOS LLANERA SA (EXTINGUIDA);A33007485;OVIEDO;ESPANA;U1;31/12/2006;1.430
361.;PANIFICADORA DE BELLVITGE SA  (EXTINGUIDA);A08147092;L'HOSPITALET DE LLOBREGAT;ESPANA;U1;31/12/2010;1.418
362.;ARTIPIEL SA;A48017776;BILBAO;ESPANA;U1;31/12/2017;1.406
363.;UNION ASESORA PIQUER SL;B31101587;PAMPLONA/IRUÑA;ESPANA;U1;31/12/2021;1.399
364.;YOBU SL;B15011356;MADRID;ESPANA;U1;31/12/2011;1.372
365.;INDUSTRIAS MECANICAS BASILIO SANCHEZ SA;A28147064;ALGETE;ESPANA;U1;31/12/2021;1.372
366.;HOTELERA ESPAÑOLA SA;A17006941;TOSSA DE MAR;ESPANA;U1;31/12/2021;1.369
367.;MECANIX SA (EXTINGUIDA);A28115103;MADRID;ESPANA;U1;31/12/2004;1.369
368.;CEPSA REMEY SL. (EXTINGUIDA);B28119840;MADRID;ESPANA;U1;31/12/2016;1.359
369.;INMOBRUCH S.L. (EXTINGUIDA);B08141491;BARCELONA;ESPANA;U1;31/08/2006;1.350
370.;SALAZAR HERMANOS SOCIEDAD ANONIMA;A28121820;MADRID;ESPANA;U1;31/12/2020;1.348
371.;SCDAD NARANJERA DE EXPORT N:1 COOP AGRI SAN JOSE (EXTINGUIDA);F12010443;NULES;ESPANA;U1;31/07/2016;1.340
372.;MALLORCA INVERSIONES SA;A07011067;PALMA;ESPANA;U1;31/12/2020;1.319
373.;NARANJALES DEL RIO PIEDRAS, SA;A21011788;AYAMONTE;ESPANA;U1;31/08/2021;1.315
374.;CAIXA RURAL DE TURIS COOPERATIVA DE CREDITO VALENCIANA;F46027504;TURIS;ESPANA;U1;31/12/2021;1.291
375.;GREMASE SL (EN LIQUIDACION);B03010691;CALLOSA D'EN SARRIA;ESPANA;U1;31/12/2021;1.286
376.;SUMINISTRO DE CARBURANTES DE SUECA SL;B46020376;SUECA;ESPANA;U1;31/12/2021;1.271
377.;TRADINTER SL;B28118560;MADRID;ESPANA;U1;31/12/2021;1.216
378.;HOTEL CONDE DUQUE SA;A28118040;MADRID;ESPANA;U1;31/12/2020;1.210
379.;VIAJES RUTA SOLAR SA;A29006012;FUENGIROLA;ESPANA;U1;31/12/2021;1.206
380.;DIAZ PLAZA CANDELAS Y COMPAÑIA SA;A28122851;COSLADA;ESPANA;U1;31/12/2021;1.204
381.;MAQUINARIA ESTRUCTURAS Y CALDERERIA SL;B43007228;TARRAGONA;ESPANA;U1;31/12/2001;1.204
382.;ALCAZAR CINEMA SA;A08149718;SABADELL;ESPANA;U1;31/12/2021;1.181
383.;TARIK SL;B29005949;TORREMOLINOS;ESPANA;U1;31/12/2021;1.181
384.;AUTOBUSES URBANOS DE TALAVERA DE LA REINA SL (EXTINGUIDA);B45002698;TALAVERA DE LA REINA;ESPANA;U1;31/12/2005;1.168
385.;SUMINISTROS Y PLANIFICACIONES INDUSTRIALES SA;A28115723;MADRID;ESPANA;U1;31/12/2010;1.153
386.;TALLERES METALURGICOS JORDA SA  (EXTINGUIDA);A08158602;PALLEJA;ESPANA;U1;31/12/2009;1.147
387.;CANTERAS ALDOYAR SL;B31009202;OLAZTI/OLAZAGUTIA;ESPANA;U1;31/12/2020;1.132
388.;COOP DE LAGO VALDOVIÑO DE CONSUMIDORES E USUARIOS S.C. GALEGA;F15030141;VALDOVIÑO;ESPANA;U1;31/12/2020;1.127
389.;NTRA SEÑORA DE LA PAZ S.C. DE C-LM;F45001633;PORTILLO DE TOLEDO;ESPANA;U1;31/12/2000;1.127
390.;ESTACIONES TERMINALES DE AUTOBUSES, SOCIEDAD ANONIMA;A28118461;VALENCIA;ESPANA;U1;31/12/2021;1.123
391.;HIERROS ALOMAR SA (EXTINGUIDA);A08146383;BARCELONA;ESPANA;U1;31/12/2015;1.117
392.;AZULEJOS BORJA SL;B12007910;L'ALCORA;ESPANA;U1;31/12/2021;1.112
393.;HOTELERA SEVILLANA SA;A41012444;SEVILLA;ESPANA;U1;31/12/2021;1.108
394.;INDUSTRIAS RURALES DEL JALON SOCIEDAD LIMITADA;B50010297;LA ALMUNIA DE DOÑA GODINA;ESPANA;U1;31/12/2021;1.094
395.;INCALE SL;B08210627;PREMIA DE MAR;ESPANA;U1;31/12/2017;1.084
396.;DOMINGO ROIG FERRE SL;B43007665;AMPOSTA;ESPANA;U1;31/12/2020;1.071
397.;EL CASTROMOCHO SA;A33007519;NOREÑA;ESPANA;U1;31/12/2021;1.070
398.;MAJALOBA SL;B28115533;LA RINCONADA;ESPANA;U1;31/12/2021;1.033
399.;LLOCIS SL;B08146763;BARCELONA;ESPANA;U1;31/12/2021;1.021
400.;PERFORACION SA  (EXTINGUIDA);A48034490;AMOREBIETA-ETXANO;ESPANA;U1;31/12/2008;1.010
401.;TALLERES JOBER SA;A09089004;BURGOS;ESPANA;U1;31/12/2021;991
402.;MONTREL SA;A41011271;DOS HERMANAS;ESPANA;U1;31/12/2019;980
403.;EISOL S.L.;B08139701;BARCELONA;ESPANA;U1;31/12/2021;979
404.;INDUSTRIA DE MADERAS AGLOMERADAS SOCIEDAD ANONIMA (EXTINGUIDA);A48035109;MUXIKA;ESPANA;U1;31/12/2012;979
405.;BODEGAS BARRERO SA.;A11004371;SANLUCAR DE BARRAMEDA;ESPANA;U1;31/12/2020;949
406.;ISTAMELSA SL;B28119303;CADIZ;ESPANA;U1;31/12/2021;945
407.;BODEGA COOP SAN ISIDRO LABRADOR DE PRADEJON;F26005843;PRADEJON;ESPANA;U1;30/09/2021;942
408.;OROZCO, SOCIEDAD ANONIMA;A01002823;MADRID;ESPANA;U1;31/12/2021;935
409.;COOP COMARCAL DEL CAMPO SAN ROQUE (EN LIQUIDACION);F50011329;PEDROLA;ESPANA;U1;31/03/2011;931
410.;ALSAMA SA;A14010193;SEVILLA;ESPANA;U1;31/12/2021;912
411.;INMOBILIARIA ZAMA, SA;A48036693;BILBAO;ESPANA;U1;31/12/2020;908
412.;REALIZACIONES Y ESTUDIOS DE INGENIERIA SA;A28132298;PINTO;ESPANA;U1;31/12/2021;905
413.;TRANSPORTES UNIDOS SL (EXTINGUIDA);B33604190;MADRID;ESPANA;U1;31/12/2016;892
414.;PLASTOQUIMICA SL (EN LIQUIDACION);B08155616;SANT JOAN DESPI;ESPANA;U1;31/12/2020;881
415.;COMEXTER SA;A28122521;MADRID;ESPANA;U1;31/12/2021;879
416.;ASTARCO SA;A28124337;MADRID;ESPANA;U1;31/12/2021;863
417.;TALLERES NORMA SA;A28126043;TORREJON DE ARDOZ;ESPANA;U1;31/12/2020;852
418.;JALTER SA;A28117679;MADRID;ESPANA;U1;31/12/2020;824
419.;SA DE FABRICACIONES ESPECIALES MANUFACTURADAS;A20024105;BELAUNTZA;ESPANA;U1;31/12/2021;819
420.;METRO TRADING PRODUCTS SA.;A46021663;CATARROJA;ESPANA;U1;31/12/2021;819
421.;BLANQUEO Y TINTES JAIME PARES UGE SA;A17007469;OLOT;ESPANA;U1;31/12/2021;809
422.;TRACCION Y COMERCIO SA;A28124949;MADRID;ESPANA;U1;31/12/2021;804
423.;HIJO DE JOSE MULLOR SERRA SL;B08164543;ESPLUGUES DE LLOBREGAT;ESPANA;U1;31/07/2021;803
424.;MONTAJES AGUADO SL  (EXTINGUIDA);B28231413;MADRID;ESPANA;U1;31/12/2011;793
425.;GILLIAM DIAFILTER ESPAÑOLA, SA  (EXTINGUIDA);A48037113;ZAMUDIO;ESPANA;U1;31/12/2010;791
426.;CARTEMBAL, SA;A15011166;A CORUÑA;ESPANA;U1;31/12/2012;790
427.;SLICA SL (EXTINGUIDA);B08198418;SANT ADRIA DE BESOS;ESPANA;U1;31/12/2013;783
428.;LATORRE SLU (EXTINGUIDA);B46013108;BENIPARRELL;ESPANA;U1;31/12/2017;780
429.;CALDAL SL;B03018827;ALICANTE/ALACANT;ESPANA;U1;31/12/2011;776
430.;ALMACENES PRIETO CARREÑO SL;B41008871;SEVILLA;ESPANA;U1;31/12/2021;769
431.;GELVERT SA (EXTINGUIDA);A17007154;OLOT;ESPANA;U1;31/12/2002;759
432.;INMOBILIARIA CONVENIO SA;A08140964;BARCELONA;ESPANA;U1;31/12/2021;756
433.;CONSTRUCCIONES MARIOLA SOCIEDAD ANONIMA;A46019907;VALENCIA;ESPANA;U1;31/12/2021;754
434.;INAR GESTIO SL;B08141186;PINEDA DE MAR;ESPANA;U2;31/12/2021;751
435.;COOPERATIVA SAN LORENZO;F26006072;EZCARAY;ESPANA;U1;31/12/2000;742
436.;UTIMA SA  (EXTINGUIDA);A08148520;BARCELONA;ESPANA;U1;31/12/2004;739
437.;GRAVERAS DEL RIO MAGRO SL;B46031332;CARLET;ESPANA;U1;31/12/2021;723
438.;TALLERES SANDOL SL;B46020590;EL PUIG DE SANTA MARIA;ESPANA;U1;31/12/2021;701
439.;GENERAL ELECTRIC MONEY FINANCIAL SERVICES SL  (EXTINGUIDA);B08149007;MADRID;ESPANA;U1;31/12/2019;697
440.;COL NAL DE INGENIEROS DEL ICAI;Q2870011J;MADRID;ESPANA;U1;31/12/2021;683
441.;EMPRESA TURISTICA HOTELERA SA;A28116853;MADRID;ESPANA;U1;31/12/2020;683
442.;LONASA PINTO SA  (EXTINGUIDA);A28140770;PINTO;ESPANA;U1;31/12/2013;674
443.;SAN MIGUEL ARCANGEL DE ALDEARRUBIA S.C.;F37005048;ALDEARRUBIA;ESPANA;U1;31/12/2001;669
444.;GALERIAS LA MERCED SL (EXTINGUIDA);B08182198;BARCELONA;ESPANA;U1;31/12/2013;664
445.;MAVEL SA;A28118735;MADRID;ESPANA;U1;31/12/2021;658
446.;COOP MAR ASOC ARMADORES EMBARCACIONES PESQUERAS (EXTINGUIDA);F48039515;BERMEO;ESPANA;U1;31/12/2002;650
447.;MOREJON, SA;A28134542;MADRID;ESPANA;U1;31/12/2021;648
448.;TALLERES MARCOTEGUI SL;B31007925;ANSOAIN/ANTSOAIN;ESPANA;U1;31/12/2021;645
449.;EXPLOTACIONES HOTELERAS ES MOLI SA;A07011034;DEIA;ESPANA;U1;31/12/2020;642
450.;SEIPAR, SA;A28122737;MADRID;ESPANA;U1;31/12/2007;639
451.;UNION GENERAL INMOBILIARIA SA;A08180218;BARCELONA;ESPANA;U1;31/12/2021;634
452.;MUTUA JUNEDENCA M.P.S.  (EXTINGUIDA);V25007881;JUNEDA;ESPANA;U1;31/12/2006;618
453.;MANIPULACION DE MERCANCIAS SL (EXTINGUIDA);B30607667;CARTAGENA;ESPANA;U1;31/12/2019;615
454.;FRIOASTUR, SA (EXTINGUIDA);A33603911;GIJON;ESPANA;U1;31/12/2020;609
455.;ACEROS Y PROYECTOS VILLARROBLEDO SOCIEDAD LIMITADA. (EXTINGUIDA);B02002939;VILLARROBLEDO;ESPANA;U1;31/12/2014;597
456.;PROJECCIO CULTURAL S.L. (EXTINGUIDA);B08140774;BARCELONA;ESPANA;U1;31/08/2008;593
457.;FOMENTO AGRICOLA Y GANADERO SL;B08138869;BARCELONA;ESPANA;U1;31/12/2021;577
458.;TUREGANO SA (EXTINGUIDA);A46020962;RIBA-ROJA DE TURIA;ESPANA;U1;31/12/2010;576
459.;COMERCIAL CONDE DUQUE SL. (EXTINGUIDA);B28124816;MADRID;ESPANA;U1;31/12/2004;576
460.;AVANCO, SOCIEDAD ANONIMA DE GESTION INMOBILIARIA;A31007743;BERRIOPLANO/BERRIOBEITI;ESPANA;U2;31/12/2021;575
461.;AUTOBUSES DE CASTILLA SL;B09002981;BURGOS;ESPANA;U1;31/12/2021;574
462.;LAGO SL;B07010317;CAPDEPERA;ESPANA;U1;31/12/2021;572
463.;YERBERO SL;B22002604;ZARAGOZA;ESPANA;U1;31/12/2021;569
464.;INMOBILIARIA ARC SL;B08140931;BARCELONA;ESPANA;U1;31/12/2021;567
465.;IBERAVIA INTERNACIONAL SA;A28123511;ALGETE;ESPANA;U1;31/12/2013;562
466.;INDUSTRIAS REUNIDAS DE NUTRICION ANIMAL DE ARANDA DE DUERO SA;A09003120;ARANDA DE DUERO;ESPANA;U1;31/12/2020;560
467.;TALLERES REMTEX SL;B08155640;VILADECAVALLS;ESPANA;U1;31/12/2021;559
468.;OTAC SA;A08148108;BARCELONA;ESPANA;U1;31/12/2005;556
469.;GALERIAS PRINCIPADO SA;A33007477;OVIEDO;ESPANA;U1;31/12/2021;554
470.;JOAQUIN LLANSOLA SRL;B12008108;CASTELLO DE LA PLANA;ESPANA;U1;31/12/2021;546
471.;CHUECA HERMANOS S.L.  (EXTINGUIDA);B46021465;MUSEROS;ESPANA;U1;31/12/2012;524
472.;CONSTRUCCIONES MODERNAS MENORQUINAS SA;A07010283;MAO;ESPANA;U1;31/12/2021;524
473.;AUTOGARAGE VENDRELL SOCIEDAD LIMITADA;B08151581;EL VENDRELL;ESPANA;U1;31/12/2021;521
474.;S.C. DEL CAMPO NUESTRA SEÑORA DE LOS HITOS;F10028595;ALCANTARA;ESPANA;U1;31/12/2018;521
475.;DERIVADOS DE LA MADERA SOCIEDAD ANONIMA  (EXTINGUIDA);A46020202;NAQUERA;ESPANA;U1;31/12/2009;515
476.;CONTRATAS Y HORMIGONES BALTANAS SL;B34002006;BALTANAS;ESPANA;U1;31/12/2021;514
477.;LOS SESMOS SA;A14010136;CORDOBA;ESPANA;U1;31/12/2021;512
478.;EURO-HOGAR SL;B33604026;GIJON;ESPANA;U1;31/12/2021;508
479.;INMOBILIARIA ATABAL SL;B28140747;MADRID;ESPANA;U1;31/12/2013;508
480.;TALLERES DEL PUERTO SA (EXTINGUIDA);A12008421;CASTELLON DE LA PLANA;ESPANA;U1;31/12/2010;498
481.;CONSTRUCCIONES MEL SA (EXTINGUIDA);A28121390;MADRID;ESPANA;U1;31/12/2003;492
482.;M. HIDALGO BEISTEGUI S.L.  (EXTINGUIDA);B03010774;ALCOY/ALCOI;ESPANA;U1;31/12/2008;476
483.;GASOLINERA EL JARDIN SL;B27002732;RIBADEO;ESPANA;U1;31/12/2021;475
484.;GALLEN TRULLEN Y CIA SA;A08138513;MONTCADA I REIXAC;ESPANA;U1;31/12/2021;475
485.;AZELIS ESPAÑA QUIMICA SA (EXTINGUIDA);A08147894;CORNELLA DE LLOBREGAT;ESPANA;U1;31/12/2016;468
486.;EUROPA CORK SL;B11004066;LOS BARRIOS;ESPANA;U1;31/12/2013;466
487.;HORTICOLA ISLEÑA SL;B07011000;PALMA;ESPANA;U1;31/12/2019;457
488.;INMOBILIARIA CRISA SL;B30008593;MURCIA;ESPANA;U1;31/12/2019;453
489.;COOP AGRICOLA SAN NICOLAS DE BARI;F09005281;CEREZO DE RIO TIRON;ESPANA;U1;31/12/2018;452
490.;UNDEFA SL (EXTINGUIDA);B12007837;L'ALCORA;ESPANA;U1;31/12/2020;434
491.;GASOLINERA CHIPI SL.;B10002541;GUADALUPE;ESPANA;U1;31/12/2020;420
492.;INMOBILIARIA JUMARROS SA;A08146086;BARCELONA;ESPANA;U1;31/12/2019;409
493.;AUTOCARS PALMEROLA SL.;B25005760;TREMP;ESPANA;U1;31/12/2021;409
494.;PINTURAS FESAN SL;B01001205;VITORIA-GASTEIZ;ESPANA;U1;31/12/2008;406
495.;GENFINS SA  (EXTINGUIDA);A08146730;TERRASSA;ESPANA;U1;31/12/2014;403
496.;UNITRONICS SA (EN LIQUIDACION);A28121572;MADRID;ESPANA;U1;31/12/2020;392
497.;HOTEL STELLA SL;B08156705;PINEDA DE MAR;ESPANA;U1;31/12/2020;385
498.;FABRICA EL CALERO SL;B35004068;AGÜIMES;ESPANA;U1;31/12/2006;376
499.;PERE AMAT SA;A08155814;SANT SADURNI D'ANOIA;ESPANA;U1;31/12/2021;367
500.;INTERNACIONAL SAETA SA;A08141798;BARCELONA;ESPANA;U1;31/12/2021;358
501.;MADRILEÑA ELAS SL;B28186294;MADRID;ESPANA;U1;31/12/2004;358
502.;FRIGORIFICOS SANTA POLA SA;A03006228;SANTA POLA;ESPANA;U1;31/12/2020;353
503.;DISTEX SA;A08148132;BILBAO;ESPANA;U1;31/12/2018;350
504.;APARTAMENTOS PUNTA PRIMA SL;B07010150;SANT LLUIS;ESPANA;U1;31/12/2020;350
505.;TORREGO HERMANOS SA;A28118503;MADRID;ESPANA;U1;31/12/2007;348
506.;EXPASA AGRICULTURA Y GANADERIA, SOCIEDAD MERCANTIL ESTATAL, S.A.;A14013296;JEREZ DE LA FRONTERA;ESPANA;U1;31/12/2021;344
507.;CONSTRUCCIONES TERMOELECTRICAS SA (EN LIQUIDACION);A28107738;ARGANDA;ESPANA;U1;31/12/2013;344
508.;HOTEL COSTA AZUL SA;A07011216;PALMA;ESPANA;U1;31/12/2020;338
509.;BAHIA DEL ESTE S.A. (EXTINGUIDA);A07011851;SANT LLORENÇ DES CARDASSAR;ESPANA;U1;31/12/2001;333
510.;MANUFACTURA AUXILIAR DE PEINAJE DE SABADELL SA (EXTINGUIDA);A08148009;SABADELL;ESPANA;U1;31/12/2002;332
511.;CLUBS EL CANDADO, SA;A29005550;MALAGA;ESPANA;U1;31/12/2018;330
512.;TRENZADOS TEXTOR SA (EN LIQUIDACION);A08141426;TERRASSA;ESPANA;U1;31/12/2015;328
513.;AGRUPACION PARA COMERCIO EXTERIOR SL;B48036156;GETXO;ESPANA;U1;31/12/2020;326
514.;BROILERS SL (EXTINGUIDA);B47002753;VALLADOLID;ESPANA;U1;31/12/2004;325
515.;INMOBILIARIA CALAFRANC SL (EXTINGUIDA);B08149155;BARCELONA;ESPANA;U1;31/12/2002;321
516.;SERVIGAS SA (EXTINGUIDA);A28118271;MADRID;ESPANA;U1;31/12/2003;321
517.;ESTACION DE DESCARGA Y CARGA SA  (EXTINGUIDA);A46020319;VALENCIA;ESPANA;U1;31/12/2009;318
518.;GARAJE TACHO SL (EXTINGUIDA);B08139230;MANRESA;ESPANA;U1;31/12/2012;317
519.;AZULEJOS ONUBA SL (EXTINGUIDA);B12008074;L'ALCORA;ESPANA;U1;31/12/2021;309
520.;TALLERES Y GARAGES CHAMARTIN SA (EXTINGUIDA);A28116796;MADRID;ESPANA;U1;31/12/2006;305
521.;GUISVAL SA;A03006699;IBI;ESPANA;U1;31/12/2020;303
522.;APYCI SA;A29005899;FUENGIROLA;ESPANA;U1;31/12/2021;301
523.;MARCO SANSANO SL;B96132964;BENIFAIO;ESPANA;U1;31/12/2021;299
524.;LUIS MARTINEZ SANCHEZ S A (EXTINGUIDA);A03010576;ALICANTE/ALACANT;ESPANA;U1;31/12/2004;297
525.;MANUEL FLORES SANCHEZ HERMANOS SL (EXTINGUIDA);B41093758;ALCALA DE GUADAIRA;ESPANA;U1;31/12/2002;296
526.;COOP DEL CAMPO SAN ISIDRO LABRADOR Y LA INMACULADA;F19002419;GUADALAJARA;ESPANA;U1;31/12/2020;292
527.;SOCIEDAD ASTURIANA DE HIERROS Y ACEROS SA  (EXTINGUIDA);A28117950;MADRID;ESPANA;U1;31/12/2013;291
528.;AUTOTODO SABADELL SA (EXTINGUIDA);A08144347;TERRASSA;ESPANA;U1;30/11/2012;282
529.;INMOBILIARIA SANTA MATILDE SL;B08149064;BARCELONA;ESPANA;U1;31/12/2021;278
530.;ANFORA SL;B17006693;BARCELONA;ESPANA;U1;31/12/2021;277
531.;TEBAS SA (EXTINGUIDA);A08144560;BARCELONA;ESPANA;U1;31/12/2016;276
532.;TRANSFRIO S.C. G;F36604122;VIGO;ESPANA;U1;31/12/2020;274
533.;COOP COMARCAL DEL CAMPO SAN GERVASIO Y SAN PROTASIO;F50011436;VILLALENGUA;ESPANA;U1;31/12/2010;271
534.;DISTRIBUCION Y TALLERES DE AUTOMOVILES SL (EXTINGUIDA);B28119352;MADRID;ESPANA;U1;31/12/2000;271
535.;SAN PABLO SL;B41019381;SEVILLA;ESPANA;U1;31/12/2021;268
536.;ALMACENES TRANSITOS Y REEXPEDICIONES SA (EXTINGUIDA);A39004593;SANTANDER;ESPANA;U1;31/12/2005;264
537.;CAIXA RURAL SANT FORTUNAT SOCIEDAD COOPERATIVA CATALANA DE CREDITO LIMITADA (EXTINGUIDA);F25015660;LLEIDA;ESPANA;U1;31/12/2011;261
538.;F TORRAS ROCA SA;A08139313;SABADELL;ESPANA;U1;31/12/2012;256
539.;GRAN SOL HOTEL SA;A08142143;SANT POL DE MAR;ESPANA;U1;31/12/2020;254
540.;ABC CINEMA SL (EXTINGUIDA);B08149825;BARCELONA;ESPANA;U1;31/12/2016;253
541.;MGP PROYECTO 7 S.A.;A08240053;BARCELONA;ESPANA;U1;31/12/2021;249
542.;LANDASCAR SL;B28116051;MADRID;ESPANA;U1;31/12/2021;244
543.;ALMIJARA SA;A29005501;NERJA;ESPANA;U1;30/11/2017;242
544.;SANEAMIENTOS LA ALAMEDA SL (EN LIQUIDACION);B03006061;IBI;ESPANA;U1;31/12/2012;238
545.;TIBIDABO FILMS SA (EXTINGUIDA);A08145633;BARCELONA;ESPANA;U1;31/12/2003;236
546.;ORIO Y CIA SL;B36604221;VIGO;ESPANA;U1;31/12/2017;230
547.;COOP VITIVINICOLA SAN JUAN;F06003420;CASTUERA;ESPANA;U1;30/09/2007;229
548.;SAN MAMES SOCIEDAD LIMITADA (EXTINGUIDA);B48035364;ZAMUDIO;ESPANA;U1;31/12/2009;229
549.;SEA CONTAINERS IBERIA SA (EXTINGUIDA);A28121408;MADRID;ESPANA;U1;31/12/2007;226
550.;TALLERES PAL SA (EXTINGUIDA);A28116606;MADRID;ESPANA;U1;31/12/2002;224
551.;ESPECTACULOS CONDAL SA;A08148702;BARCELONA;ESPANA;U1;31/12/2021;222
552.;INTA SL;B46011565;VALENCIA;ESPANA;U1;31/12/2021;222
553.;CACHO Y SOLLET SL;B39004395;TORRELAVEGA;ESPANA;U1;31/12/2021;212
554.;INMOBILIARIA GARCIA LOBATO S.L. (EXTINGUIDA);B47002928;VALLADOLID;ESPANA;U1;31/12/2002;207
555.;PANIFICADORA GUIJUELO SL;B37003308;GUIJUELO;ESPANA;U1;31/12/2021;206
556.;VIDI S. L.;B08140758;BARCELONA;ESPANA;U1;31/12/2013;203
557.;PASSIM S.L.;B08149528;BARCELONA;ESPANA;U1;31/12/2006;203
558.;UNION MECANICA SL (EXTINGUIDA);B12008157;VILLARREAL;ESPANA;U1;31/12/2006;202
559.;EXPLOTACIONES FORESTALES PUMAR SA;A33007246;GIJON;ESPANA;U1;31/12/2020;197
560.;TALLERES GALDOS SL;B46021275;VALENCIA;ESPANA;U1;31/12/2021;197
561.;PRINCESA SL;B37003373;MADRID;ESPANA;U1;31/12/2021;195
562.;ONUSHIP SA (EXTINGUIDA);A28117794;MADRID;ESPANA;U1;31/12/2003;195
563.;INMOBILIARIA CASANOVAS SL;B08148280;SABADELL;ESPANA;U1;31/12/2019;194
564.;OPTICA CASADO SL;B28332120;MADRID;ESPANA;U1;31/12/2019;193
565.;ELECTRONICA NAVAL S. L. (EXTINGUIDA);B28122836;MADRID;ESPANA;U1;31/12/2016;192
566.;VIAJES SITGES SA;A08146268;SITGES;ESPANA;U1;31/12/2021;185
567.;INMOBILIARIA PERALTA SL;B08142481;BARCELONA;ESPANA;U1;31/12/2020;185
568.;TALLERES GM SL;B08141947;BARCELONA;ESPANA;U1;31/12/2020;185
569.;INMOBILIARIA ATLANTIDA SA;A08142572;MADRID;ESPANA;U1;31/12/2019;181
570.;LABORATORIOS DENTALES REUNIDOS SL;B20025722;DONOSTIA/SAN SEBASTIAN;ESPANA;U1;31/12/2009;180
571.;FRICALGAS SL (EXTINGUIDA);B31040488;PAMPLONA/IRUÑA;ESPANA;U1;31/12/2004;177
572.;BCN ASSESSORS LEGALS I TRIBUTARIS SA;A08148082;BARCELONA;ESPANA;U1;31/12/2021;174
573.;INMOBILIARIA ENTO SL;B08142556;BARCELONA;ESPANA;U1;31/12/2009;172
574.;AGRICOLA SANT BARTOMEU S.C.C.L.;F43013275;RODA DE BERA;ESPANA;U1;31/12/2020;172
575.;COPIFORMES SL;B96086954;VALENCIA;ESPANA;U1;31/12/2021;170
576.;MECANICA FENIX SA;A08139685;BADALONA;ESPANA;U1;31/12/2021;168
577.;G MUSURI SL;B28116036;MADRID;ESPANA;U1;31/12/2021;168
578.;NUEVA PLAZA DE TOROS DE CORDOBA, SA;A14009930;CORDOBA;ESPANA;U1;31/12/2018;165
579.;INMOBILIARIA GYMBROS SL;B28119881;MADRID;ESPANA;U1;31/12/2021;165
580.;NEGOCIOS Y CONSTRUCCIONES SA;A39004452;SANTANDER;ESPANA;U1;31/12/2020;164
581.;FERROCARRIL DEL TAJUNA SA UNIPERSONAL. (EXTINGUIDA);A28137982;MADRID;ESPANA;U1;31/12/2001;158
582.;WI BE SL;B12007712;CASTELLO DE LA PLANA;ESPANA;U1;31/12/2021;157
583.;COSENSA COMERCIAL SA;A28263614;MADRID;ESPANA;U1;31/12/2014;157
584.;CONSTRUCTORA SANFUEN SA (EXTINGUIDA);A41009994;SEVILLA;ESPANA;U1;31/12/2002;152
585.;TANNOCO SL;B08141392;BARCELONA;ESPANA;U1;31/12/2021;147
586.;LUZ TENO SL;B38002796;BUENAVISTA DEL NORTE;ESPANA;U1;30/06/2018;146
587.;PLAYMON SL;B03006020;BENIDORM;ESPANA;U1;31/12/2020;145
588.;LAS MENINAS SA;A08139388;SANT JOAN DESPI;ESPANA;U1;31/12/2013;143
589.;PROYECTOS INSULARES SA;A38002747;EL ROSARIO;ESPANA;U1;31/12/2020;143
590.;AZULEJOS ALCOR SL (EXTINGUIDA);B12007506;L'ALCORA;ESPANA;U1;31/12/2020;138
591.;MUTUALIDAD DE PREVISION SOCIAL A PRIMA FIJA DE EMPLEADOS DE LA CAJA DE AHORROS DE VALENCIA;V46210357;VALENCIA;ESPANA;U1;31/12/2020;138
592.;ESPARRAGAL DE ALAMIN EXPLOTACIONES AGROPECUARIAS DEL ALBERCHE SA (EXTINGUIDA);A28122059;MADRID;ESPANA;U1;31/12/2006;134
593.;MUTUALIDAD DE PREVISION SOCIAL DE LOS COLEGIOS DE HERMANOS MARISTAS DE MADRID  (EXTINGUIDA);V78592920;MADRID;ESPANA;U1;31/12/2010;133
594.;PROHEMA SL;B07010457;CAMPOS;ESPANA;U1;31/12/2021;133
595.;CONSTRUCCIONES CANTO SA;A03010550;ALCOY/ALCOI;ESPANA;U1;31/12/2021;132
596.;MARISCAL DE CAMPO SL.;B28122042;MADRID;ESPANA;U1;31/12/2021;130
597.;ALEGRE SA;A28122646;MADRID;ESPANA;U1;31/12/2020;128
598.;MONEYBA SA;A35004498;LAS PALMAS DE GRAN CANARIA;ESPANA;U1;31/12/2021;125
599.;CRISTALCOLOR SA;A28121861;MADRID;ESPANA;U1;31/12/2017;122
600.;IGANDO BARPIN SL;B48036529;BILBAO;ESPANA;U1;31/12/2021;119
601.;ALMACENES ASENSIO SL;B28124733;MADRID;ESPANA;U1;31/12/2021;114
602.;ALGARIN DE LA VEGA SL;B41010448;SEVILLA;ESPANA;U1;31/12/2021;113
603.;MANUEL ROMERO SL;B46031415;PATERNA;ESPANA;U1;31/12/2021;112
604.;LANERA DEL BATAN SA;A37003175;BEJAR;ESPANA;U1;31/12/2002;110
605.;PAVIMENTOS DE GRANITO SL  (EXTINGUIDA);B46023016;MUSEROS;ESPANA;U1;31/12/2013;106
606.;MONTIBUS SOCIEDAD LIMITADA.;B23004617;ARJONA;ESPANA;U1;31/12/2020;106
607.;CENTROS CULTURALES MONTEMAR, SOCIEDAD ANONIMA;A46021077;VALENCIA;ESPANA;U1;31/12/2021;104
608.;CINEMATOGRAFIA BARCINO SL;B08141442;BARCELONA;ESPANA;U1;31/12/2017;101
609.;ACTIVIDA SL;B08159147;BARCELONA;ESPANA;U1;31/12/2019;101
610.;COOP DEL CAMPO NTRA. SRA. DE LA ASUNCION;F34006429;VILLALOBON;ESPANA;U1;31/12/2019;96
611.;PESTICIDAS CANARIOS SL;B35004472;LAS PALMAS DE GRAN CANARIA;ESPANA;U1;31/12/2009;94
612.;CONSTRUCTORA HERNANDEZ S.L.(EXTINGUIDA);B35005594;LAS PALMAS DE GRAN CANARIA;ESPANA;U1;31/08/2005;94
613.;MANUFACTURAS DEL CORTE SOCIEDAD LIMITADA. (EXTINGUIDA);B46199360;ALBUIXECH;ESPANA;U1;31/12/2008;94
614.;INTERCOMARCAL DE NEUMATICOS Y CARBURANTES SA;A08148611;MANRESA;ESPANA;U1;31/12/2021;93
615.;MARITIMA DE AXPE SA (EXTINGUIDA);A33007386;GETXO;ESPANA;U1;31/12/2008;93
616.;COLEGIOS TEIDE SL;B28134716;BOADILLA DEL MONTE;ESPANA;U1;31/12/2021;92
617.;JARPO SL;B08155459;TERRASSA;ESPANA;U1;31/12/2020;91
618.;JORDI ROMEU S.L. (EXTINGUIDA);B25003054;LLEIDA;ESPANA;U1;31/12/2000;88
619.;M AVELLANET SL (EN LIQUIDACION);B08142705;SANT BOI DE LLOBREGAT;ESPANA;U1;31/12/2013;88
620.;SALARO SA (EXTINGUIDA);A08369571;RUBI;ESPANA;U1;31/12/2016;84
621.;CORPORACIO F P PETROLIS SL;B08147027;MANRESA;ESPANA;U1;31/12/2020;81
622.;TRES SL;B28124634;MADRID;ESPANA;U1;31/12/2016;81
623.;PROVISIONES EN RUTA S.L.;B28114973;MADRID;ESPANA;U1;31/12/2020;81
624.;INVERSIONS FAMILIARS SBD 2009 SA (EXTINGUIDA);A08141368;SABADELL;ESPANA;U1;31/12/2010;81
625.;TRANS INTER SA (EXTINGUIDA);A17006735;L'HOSPITALET DE LLOBREGAT;ESPANA;U1;31/12/2006;77
626.;COOP DEL CAMPO Y CONSUMO DE OLVEGA;F42001503;OLVEGA;ESPANA;U1;31/12/2020;77
627.;INDUSTRIAL METALURGICA HUCA SA;A08149486;BARCELONA;ESPANA;U1;31/12/2016;76
628.;SERRERIAS DEL MIÑO TEIDE SL;B38001772;SANTA URSULA;ESPANA;U1;31/12/2010;76
629.;INMOBILIARIA JULIACHS SA;A08147506;BARCELONA;ESPANA;U1;31/12/2021;74
630.;INMOBILIARIA OLSE SA;A48037030;SANTURTZI;ESPANA;U1;31/12/2016;73
631.;APLICACIONES GENERALES TERMOPLASTICAS SL (EXTINGUIDA);B08180234;L'HOSPITALET DE LLOBREGAT;ESPANA;U1;31/12/2002;73
632.;BARDON ART SL (EXTINGUIDA);B08180259;BARCELONA;ESPANA;U1;31/12/2010;73
633.;INMOBILIARIA CLOLS SL;B08145930;BARCELONA;ESPANA;U1;31/12/2021;71
634.;INMOBILIARIA GURB SA (EXTINGUIDA);A08198442;BARCELONA;ESPANA;U1;31/12/2003;70
635.;TAPON CORONA IBERICA SA;A28115848;MADRID;ESPANA;U1;31/12/2019;69
636.;R CASADO SL;B18003756;GRANADA;ESPANA;U1;31/12/2021;67
637.;DESHIDRATADORA DE ALFALFA SA  (EXTINGUIDA);A25006115;VALLFOGONA DE BALAGUER;ESPANA;U1;31/12/2013;66
638.;DOPY SL  (EXTINGUIDA);B33603937;GIJON;ESPANA;U1;31/12/2013;66
639.;VICENTE HERNANDEZ FERRAZ SL (EXTINGUIDA);B38012977;LLANOS DE ARIDANE;ESPANA;U1;31/12/2010;65
640.;ASESORAMIENTO TECNICO INVESTIGACION Y PROYECTOS DE INGENIERIA CIVIL SA;A46011946;VALENCIA;ESPANA;U1;31/12/2015;64
641.;EL COLOSO SA;B28123099;MADRID;ESPANA;U1;31/12/2021;63
642.;F PUIG SUCESOR DE PUIG Y DOMINGO SL (EXTINGUIDA);B08140311;BARCELONA;ESPANA;U1;31/12/2016;63
643.;PEDRALBES SL;B08180549;BARCELONA;ESPANA;U1;31/12/2012;62
644.;COOP VALENCIANA SAN MARCOS;F46024519;ARAS DE LOS OLMOS;ESPANA;U1;31/12/2018;61
645.;LUBRA SA;A28121937;MADRID;ESPANA;U1;31/12/2021;59
646.;FUERZA NUEVA EDITORIAL, SA  (EXTINGUIDA);A28183689;MADRID;ESPANA;U1;31/12/2015;58
647.;EXPLOTACIONES FORESTALES DE GALICIA SL;B36002244;MARIN;ESPANA;U1;31/12/2021;57
648.;INMOBILIARIA ORCASITAS, SA;A28130060;MADRID;ESPANA;U1;31/12/2012;57
649.;INVESTEX SOCIEDAD ANONIMA;A08139040;MADRID;ESPANA;U1;31/12/2020;56
650.;COMPAÑIA PRODUCTORA SEMILLAS ALGODONERAS SELECTAS SA;A41012774;SEVILLA;ESPANA;U1;31/12/2006;56
651.;ANTONIO LASHERAS SA (EXTINGUIDA);A36604114;VIGO;ESPANA;U1;31/12/2005;55
652.;INMOBILIARIA ATYC SL (EXTINGUIDA);B08146722;TERRASSA;ESPANA;U1;31/12/2004;55
653.;ESTACIONES REUNIDAS SL;B07011299;PALMA;ESPANA;U1;31/12/2021;55
654.;LANAS AMIGO S A (EXTINGUIDA);A08140329;BARCELONA;ESPANA;U1;31/12/2003;52
655.;ALMAGRO BUILDING SA;A28123537;MADRID;ESPANA;U1;31/12/2003;52
656.;TABLEROS FERRANDIS SA  (EXTINGUIDA);A46067229;ALDAIA;ESPANA;U1;31/12/2015;51
657.;BSH UFESA INDUSTRIAL SA (EXTINGUIDA);A31007735;ETXARRI-ARANATZ;ESPANA;U1;31/12/2006;50
658.;INVERSIS SERVICIOS ADMINISTRATIVOS SA  (EXTINGUIDA);A28120764;MADRID;ESPANA;U1;31/12/2015;50
659.;AGRICULTURA Y COMERCIO SA (EXTINGUIDA);A08148181;ARGENTONA;ESPANA;U1;31/12/2007;50
660.;CISA TEXTIL SA (EXTINGUIDA);A08150690;BARCELONA;ESPANA;U1;31/12/2009;49
661.;VAQUETAS SA;A28121184;MADRID;ESPANA;U1;31/12/2021;48
662.;CARMELO DIAZ Y COMPAÑIA SL  (EXTINGUIDA);B47002837;VALLADOLID;ESPANA;U1;31/12/2010;46
663.;PANIFICADORA DE MACOTERA SL;B37003357;MACOTERA;ESPANA;U1;31/12/2021;45
664.;CIA BILBAINA DE ACEITES REFINADOS SA;A48035208;BILBAO;ESPANA;U1;31/12/2021;45
665.;YTONG BARCELONA SA (EN LIQUIDACION);A08144446;BARCELONA;ESPANA;U1;31/12/2003;45
666.;TALLERES MECANICOS URZU SOCIEDAD LIMITADA. (EXTINGUIDA);B48034367;GALDAKAO;ESPANA;U1;31/12/2007;44
667.;VAN RUUX IBERICA SL  (EXTINGUIDA);B28124253;MADRID;ESPANA;U1;31/12/2014;43
668.;SOCIEDAD ASESORA DE FOMENTO Y EXPORTACION SA;A08141400;BARCELONA;ESPANA;U1;31/12/2011;42
669.;URBANIZADORA SA PUNTA SA;A08143935;SANT FELIU DE LLOBREGAT;ESPANA;U1;31/12/2021;39
670.;YESOVAL SA;A28116655;MADRID;ESPANA;U1;31/12/2015;39
671.;SANTURINO Y COMPAÑIA SA;A45002136;TALAVERA DE LA REINA;ESPANA;U1;31/12/2012;38
672.;MANUEL PEÑA LOPEZ Y VALENTIN TEROL DE CASTRO SL  (EXTINGUIDA);B29006376;MALAGA;ESPANA;U1;31/12/2010;36
673.;MONTERA SL;B29901295;MELILLA;ESPANA;U1;31/12/2019;36
674.;AGRICOLA OLIVARERA S.L.;B41010224;SEVILLA;ESPANA;U1;31/12/2020;34
675.;INMOBILIARIA DRAGO SA;A28611176;MADRID;ESPANA;U1;31/12/2021;34
676.;MULLIGAN & BIRDIE SA;A28123727;EL CAMPELLO;ESPANA;U1;31/12/2006;32
677.;FERRER MARTINEZ HERMANOS SL;B28141794;MADRID;ESPANA;U1;31/12/2000;31
678.;PINTURAS VASCO NAVARRAS SL;B31008444;PAMPLONA/IRUÑA;ESPANA;U1;31/12/2019;31
679.;TERRENOS CANARIOS SL (EXTINGUIDA);B35004530;LAS PALMAS DE GRAN CANARIA;ESPANA;U1;31/12/2007;30
680.;MARIBAR SL;B46030185;TAVERNES DE LA VALLDIGNA;ESPANA;U1;31/12/2021;30
681.;MARTIN VELO Y COMPAÑIA SL;B21003108;ISLA CRISTINA;ESPANA;U1;31/12/2021;30
682.;GESTIONS AYMERICH S.A.;A08142069;SANTA EUGENIA DE BERGA;ESPANA;U1;31/12/2021;27
683.;FLORES HERMANOS SA;A29005279;MALAGA;ESPANA;U1;31/12/2020;26
684.;THERMOTEC SA;A28114668;MADRID;ESPANA;U1;31/12/2011;26
685.;PLAZA DE TOROS DE JAEN SA;A23004641;JAEN;ESPANA;U1;31/12/2021;24
686.;FICO ITM SA;A08144487;BARCELONA;ESPANA;U1;31/12/2021;24
687.;INVERSIONES IBIZA SOCIEDAD LIMITADA;B07010036;EIVISSA;ESPANA;U1;31/12/2020;24
688.;CONSTRUCCIONES NUÑEZ SL;B41007378;SEVILLA;ESPANA;U1;31/12/2011;24
689.;RIEGOS Y MAQUINARIA SL (EXTINGUIDA);B34001990;POZUELO DE ALARCON;ESPANA;U1;31/12/2004;24
690.;ELISEO ARRUFAT Y COMPAÑIA SL;B12008140;VILLARREAL;ESPANA;U1;31/08/2000;23
691.;PARTICIPACIONES TEIDE SA;A08139461;MADRID;ESPANA;U1;31/12/2021;22
692.;JUAN LLOBET SA;A08156697;CALELLA;ESPANA;U1;31/12/2021;22
693.;PINARES DEL LAGO SL;B19001395;MADRID;ESPANA;U1;31/12/2010;20
694.;M PALLARES CAMARASA SL;B08146912;BARCELONA;ESPANA;U1;31/12/2021;20
695.;G MORE Y A RAIG SL;B17007071;TOSSA DE MAR;ESPANA;U1;31/12/2021;20
696.;MIQUEL JUNCA SOCIEDAD LIMITADA;B17006792;BANYOLES;ESPANA;U2;31/12/2020;19
697.;CRUCELL SPAIN SA  (EXTINGUIDA);A28125383;MADRID;ESPANA;U1;31/12/2017;18
698.;CONSTRUCCIONES TARRASA S.L. (EXTINGUIDA);B08151417;TERRASSA;ESPANA;U1;31/12/2002;18
699.;COOP DE FRUTOS DEL CAMPO SANTA EUFEMIA;F26006155;VILLAMEDIANA DE IREGUA;ESPANA;U1;31/12/2019;16
700.;BALFON SL;B17007287;FIGUERES;ESPANA;U1;31/12/2019;15
701.;SEMPERE Y ROIG SA;A03011087;ALCOY/ALCOI;ESPANA;U1;31/12/2021;15
702.;EXHIBICIONES CINEMATOGRAFICAS, SOCIEDAD ANONIMA;A06002489;ZAFRA;ESPANA;U1;31/12/2021;15
703.;CRISTALERIAS DEL OARSO SL;B20025862;ERRENTERIA;ESPANA;U1;31/12/2018;15
704.;INMOBILIARIA REDIAN SOCIEDAD LIMITADA (EXTINGUIDA);B08149148;ES MERCADAL;ESPANA;U1;31/12/2014;15
705.;AGRICOLA SAN DIEGO SA (EXTINGUIDA);A28121515;MADRID;ESPANA;U1;31/12/2003;14
706.;COMPAÑIA AUXILIAR DEL PUERTO, SA;A38001657;MADRID;ESPANA;U1;31/12/2020;14
707.;EDIGER SA;A17007196;GIRONA;ESPANA;U1;31/12/2016;13
708.;HISPANO NIPON PERLAS SA;A28125201;MADRID;ESPANA;U1;31/12/2021;13
709.;INVERSIONES CANARIAS SOCIEDAD LIMITADA. (EXTINGUIDA);B35004621;SANTA BRIGIDA;ESPANA;U1;31/12/2014;13
710.;COMEFINO SL;B48035752;ONDARROA;ESPANA;U1;31/12/2014;13
711.;MAGALLON SA (EXTINGUIDA);A44001253;ALCAÑIZ;ESPANA;U1;31/12/2003;12
712.;LOYSA SL;B31008840;PAMPLONA/IRUÑA;ESPANA;U1;31/12/2002;12
713.;EDIFICIOS ALSINA SUR, SA;A28122299;MADRID;ESPANA;U1;31/12/2021;12
714.;ACEROS ESPECIALES FICH S.L. (EXTINGUIDA);B08143679;BARCELONA;ESPANA;U1;31/12/2006;12
715.;SOCIEDAD GENERAL DE INVERSIONES CANARIAS SA;A08148272;BARCELONA;ESPANA;U1;31/12/2018;11
716.;FRANSA SL  (EXTINGUIDA);B28125177;MADRID;ESPANA;U1;31/12/2007;11
717.;PROMOTORA COMERCIAL INTERNACIONAL SL;B28115525;MADRID;ESPANA;U1;31/12/2021;11
718.;VEDRI SA (EXTINGUIDA);A46019659;BURJASSOT;ESPANA;U1;31/12/2002;10
719.;INMOBILIARIA ROCU SA (EN LIQUIDACION);A28125086;MADRID;ESPANA;U1;31/12/2014;10
720.;INMOBILIARIA LEBRERO SA;A11603560;JEREZ DE LA FRONTERA;ESPANA;U1;31/12/2019;10
721.;DELFIN SL;B08156341;BARCELONA;ESPANA;U1;31/12/2007;9
722.;INMOBILIARIA GASSOL SL;B08140980;BARCELONA;ESPANA;U1;31/12/2019;9
723.;FRASAMAR SL ASESORES FISCALES Y CONTABLES INDEPENDIENTES DE PEQUEÑA Y MEDIANA EMPRESA (EXTINGUIDA);B28121986;MADRID;ESPANA;U1;31/12/2002;9
724.;HUERTOS DEL MONTGO SA;A28131555;VALENCIA;ESPANA;U1;31/12/2021;9
725.;LA IBERICA SA DE DEFENSA Y GARANTIA DE ASEGURADOS (EN LIQUIDACION);A28007227;MADRID;ESPANA;U1;31/12/2003;9
726.;SOCIEDAD ESPANOLA DE ALUMBRADO BBT SA (EXTINGUIDA);A48034433;AMOREBIETA-ETXANO;ESPANA;U1;31/12/2003;8
727.;CALAS DE MALLORCA SL (EN LIQUIDACION);B28124568;MADRID;ESPANA;U1;31/12/2019;7
728.;KEIL SL;B07010754;EIVISSA;ESPANA;U1;31/12/2014;7
729.;KRAUTO IBERICA SA (EN LIQUIDACION);A28124188;TORREJON DE ARDOZ;ESPANA;U1;31/12/2011;6
730.;CONSTRUCCIONES SANTACRUZ, SA;A50010065;ZARAGOZA;ESPANA;U1;31/12/2021;6
731.;TEROLASA SL (EN LIQUIDACION);B46033031;DOMEÑO;ESPANA;U1;31/12/2021;6
732.;TAXMA SL;B03010824;ALCOY/ALCOI;ESPANA;U1;31/12/2019;5
733.;COOP DEL CAMPO S. PEDRO MARTIR;F26005900;CERVERA DEL RIO ALHAMA;ESPANA;U1;31/12/2019;5
734.;DISASA SL;B28141695;TORREJON DE ARDOZ;ESPANA;U1;31/12/2016;5
735.;VISTASA SL (EXTINGUIDA);B03011020;ELCHE/ELX;ESPANA;U1;31/12/2012;4
736.;COMERCIAL BALAÑA SL (EXTINGUIDA);B08141137;BARCELONA;ESPANA;U1;31/12/2010;4
737.;CENTRALES EDIFICACIONES FABRICAS E ILUMINACIONES SA;A28124451;GETAFE;ESPANA;U1;31/12/2020;3
738.;VICENTE SANCHEZ MARCOS SA;A37003555;SALAMANCA;ESPANA;U1;31/12/2021;3
739.;INDOCASA SERVICIOS INMOBILIARIOS SA  (EXTINGUIDA);A28117687;MADRID;ESPANA;U1;31/12/2009;2
740.;ALANSA SL;B08148934;SANT SADURNI D'ANOIA;ESPANA;U1;31/12/2011;2
741.;MONTE JIJI SL (EXTINGUIDA);B03011301;EL CAMPELLO;ESPANA;U1;31/12/2004;2
742.;CRISTALERIAS VITRAL SA (EXTINGUIDA);A28129617;GETAFE;ESPANA;U1;31/12/2013;2
743.;ARELGUIA SL;B08145914;BARCELONA;ESPANA;U1;30/09/2021;2
744.;SUCESORES DE ANTONIO ALVAREZ SL (EXTINGUIDA);B18004002;GRANADA;ESPANA;U1;31/12/2004;2
745.;PROMOCIONES IBICENCAS SA (EN LIQUIDACION);A08155806;BARCELONA;ESPANA;U1;31/12/2017;2
746.;MUEBLES FABRICANTES UNIDOS SL;B20024477;ZARAUTZ;ESPANA;U1;31/12/2019;1
747.;INMOBILIARIA CAN SERRA S.L.;B08155426;MOLINS DE REI;ESPANA;U1;31/12/2015;1
748.;SA DE COMERCIO Y EXHIBICION (EXTINGUIDA);A08141111;BARCELONA;ESPANA;U1;31/12/2019;1
749.;COOP DE VIVIENDAS HOGAR DEL TAXISTA CL SANTA ENGRACIA 84 DE MADRID;F28160208;MADRID;ESPANA;U1;31/12/2020;1
750.;COMPAÑIA EUROPEA DE INGENIERIA CIVIL SA (EXTINGUIDA);A08145500;BADALONA;ESPANA;U1;31/12/2019;1
751.;SUPAN SA (EXTINGUIDA);A08143349;SANT JOAN DESPI;ESPANA;U1;28/02/2001;0
752.;SERRAGROSA SOCIEDAD ANONIMA (EXTINGUIDA);A28123180;MADRID;ESPANA;U1;31/12/2009;0
753.;EDITORIAL MUSICAL AMERICANA TODA, SL;B28131944;MADRID;ESPANA;U1;30/11/2003;0
754.;BERAL SA (EXTINGUIDA);A08142432;VILANOVA I LA GELTRU;ESPANA;U1;31/12/2003;0
755.;ACADEMIA DE CIENCIAS MEDIQUES DE CATALUNYA Y DE BALEARES;G08482739;BARCELONA;ESPANA;NC;;n.d.
756.;ACTA PEDIATRICA ESPAÑOLA SL;B31137052;MADRID;ESPANA;U1;31/12/2014;n.d.
757.;ACTIVIDADES TURISTICAS CANARIAS SL;B38000469;SANTA CRUZ DE TENERIFE;ESPANA;U1;31/12/2021;n.d.
758.;ADHESIVOS INDUSTRIALES NUÑEZ SA (EXTINGUIDA);A36604031;O PORRIÑO;ESPANA;U1;31/12/2002;n.d.
759.;AEROVISTA MALLORCA SA;A07010671;PALMA;ESPANA;U1;31/12/2004;n.d.
760.;AGRICOLA DEL JALON SCOOP;F50021195;CALATAYUD;ESPANA;U1;30/04/2012;n.d.
761.;AGRO-OLIVARERA SAGRADO CORAZON S.C. AND;F29007549;CASARABONELA;ESPANA;NC;;n.d.
762.;AGRUPACION DE INDUSTRIAS ESPECIALES SL;B36603983;VIGO;ESPANA;U1;31/12/2021;n.d.
763.;AGRUPACION DE REGANTES DEL POZO DE SAN JUAN DE GODELLA;G46282026;GODELLA;ESPANA;NC;;n.d.
764.;AGRUPACION DE REGANTES LA RETORESA POZO SAN ELEUTERIO S.C.;J46311841;QUART DE LES VALLS;ESPANA;NC;;n.d.
765.;AGRUPACION DEPORTIVA CEUTA FUTBOL CLUB;G11902475;CEUTA;ESPANA;NC;;n.d.
766.;AGUILERA Y VERDASCO SL  (EXTINGUIDA);B28194843;MADRID;ESPANA;U1;31/12/2013;n.d.
767.;ALDAN SL (EXTINGUIDA);B28114809;MADRID;ESPANA;U1;31/12/2015;n.d.
768.;ANDALUZA STIMO CRISTO DE CHIRCALES S.C.;F23006349;VALDEPEÑAS DE JAEN;ESPANA;NC;;n.d.
769.;ASOC ANTIGUOS ALUMNOS UNIVERSIDAD DE SALAMANCA;G37016797;SALAMANCA;ESPANA;NC;;n.d.
770.;ASOC CULTURAL FUNDACION PENZOL;G36623171;VIGO;ESPANA;NC;;n.d.
771.;ASOC ESPAÑOLA DE TECNICOS DE CERVEZA Y MALTA;G78317450;COSLADA;ESPANA;NC;;n.d.
772.;ASOC ESPAÑOLA PARA EL PROGRESO DE LAS ARTES GRAFICAS;G28585099;MADRID;ESPANA;NC;;n.d.
773.;ASOC JUVENIL NIARA;G47021399;VALLADOLID;ESPANA;NC;;n.d.
774.;ASOC TURISTICA FERROVIARIA;G78078110;MADRID;ESPANA;NC;;n.d.
775.;ASOCIACION DE LA INDUSTRIA NAVARRA;G31024706;GALAR;ESPANA;NC;;n.d.
776.;ATLANTA SA (EXTINGUIDA);A08149239;BARCELONA;ESPANA;U1;31/12/2017;n.d.
777.;AUTO RH SA (EXTINGUIDA);A14018576;PEÑARROYA-PUEBLONUEVO;ESPANA;U1;31/12/2003;n.d.
778.;AUTOCARS ILERDA SL;B08201154;BARCELONA;ESPANA;U1;31/12/2019;n.d.
779.;AZULEJOS PERIS LA CAMPANA SL  (EXTINGUIDA);B12008009;ONDA;ESPANA;U1;31/12/2013;n.d.
780.;BAJONDILLO SA (EXTINGUIDA);A28122182;MADRID;ESPANA;U1;31/12/2013;n.d.
781.;BAREPARK SL  (EXTINGUIDA);B46021341;VALENCIA;ESPANA;U1;31/12/2008;n.d.
782.;BATRES SA;A28121556;MADRID;ESPANA;U1;31/12/2017;n.d.
783.;BBVA CONSULTORIA SA  (EXTINGUIDA);A08148421;MADRID;ESPANA;U1;31/12/2017;n.d.
784.;BEBEMIA S.L. MARIA I BORRUEY C.B.;E50146638;ZARAGOZA;ESPANA;NC;;n.d.
785.;BODEGA COOP LOS OTEROS;F24007759;PAJARES DE LOS OTEROS;ESPANA;NC;;n.d.
786.;BODEGA COOP SAN BARTOLOME N 10667 DE MOLINILLO;F37007002;MOLINILLO;ESPANA;NC;;n.d.
787.;BOSCOS COOP VIV RENT LIMITADA LOS;F20024311;DONOSTIA/SAN SEBASTIAN;ESPANA;NC;;n.d.
788.;CALA NOVA SA;A07010408;PALMA;ESPANA;NC;;n.d.
789.;CALIFORNIA PLAYA SL;B43007293;MALAGA;ESPANA;NC;;n.d.
790.;CALZADOS EUREKA SA  (EXTINGUIDA);A28126795;MADRID;ESPANA;U1;31/12/2007;n.d.
791.;CANALBION SOCIEDAD LIMITADA;B35004191;LAS PALMAS DE GRAN CANARIA;ESPANA;U1;31/12/2014;n.d.
792.;CARGAS IBERICAS SL;B08142093;BARCELONA;ESPANA;U1;31/12/2021;n.d.
793.;CASA SACERDOTAL;R0300213F;ALICANTE/ALACANT;ESPANA;NC;;n.d.
794.;CASAS HERMANOSE. HIJOS C.B.;E23044225;JAEN;ESPANA;NC;;n.d.
795.;CASINO BILBILITANO;G50043132;CALATAYUD;ESPANA;NC;;n.d.
796.;CASINO MAHONES;G07045115;MAO;ESPANA;NC;;n.d.
797.;CASINO PRINCIPAL DE GUADALAJARA;G19005073;GUADALAJARA;ESPANA;NC;;n.d.
798.;CASTIMAR SL;B28131514;MADRID;ESPANA;U1;31/12/2009;n.d.
799.;CDAD DE PROP CL EDUARDO DATO N 24 DE SEVILLA;H41475013;SEVILLA;ESPANA;NC;;n.d.
800.;CDAD DE PROP DEL PS MARAGALL 89 DE BARCELONA;H58711078;BARCELONA;ESPANA;NC;;n.d.
801.;CDAD PROP AVENIDA DE REINA VICTORIA N 33;G39019328;SANTANDER;ESPANA;NC;;n.d.
802.;CDAD PROP CALLE ERCILLA N 46 DE MADRID;H80424815;MADRID;ESPANA;NC;;n.d.
803.;CDAD PROP CL COLON DE LARREATEGUI 50 BIL;H48283931;BILBAO;ESPANA;NC;;n.d.
804.;CDAD PROP CL RAFAELA BONILLA N 19 MADRID;E28517928;MADRID;ESPANA;NC;;n.d.
805.;CDAD PROP CONDE DE PEÑALVER N 96 DE MADRID;E78130184;MADRID;ESPANA;NC;;n.d.
806.;CDAD PROP GRUPO VIVIENDAS SAN JOSE VALLADOLID;H47054465;VALLADOLID;ESPANA;NC;;n.d.
807.;CDAD PROP YAGUE DE SALAS 11 DE TERUEL;H44015642;TERUEL;ESPANA;NC;;n.d.
808.;CDAD PROP ZURBANO N. 43 MADRID;H78250073;MADRID;ESPANA;NC;;n.d.
809.;CENTECO SL;B12008231;BORRIANA/BURRIANA;ESPANA;U1;31/12/2021;n.d.
810.;CERAMICA CREVILLENTINA SA;A03010923;CREVILLENT;ESPANA;U1;31/12/2021;n.d.
811.;CERAMICA SUR SL;B18004069;GRANADA;ESPANA;U1;31/12/2019;n.d.
812.;CESAREO GONZALEZ SL;B28114775;MADRID;ESPANA;U1;31/12/2009;n.d.
813.;CHACALAK SA (EXTINGUIDA);A48036503;BILBAO;ESPANA;U1;31/12/2014;n.d.
814.;CIRCULO CULTURAL DEL PALMAR MURCIA;G30538995;MURCIA;ESPANA;NC;;n.d.
815.;CIRCULO DE ARTESANOS DE MONTILLA;G14043939;MONTILLA;ESPANA;NC;;n.d.
816.;CIRCULO DE LABRADORES Y PROPIETARIOS DE TRIGUEROS;G21050786;TRIGUEROS;ESPANA;NC;;n.d.
817.;CIRCULO SETABENSE;G46091013;XATIVA;ESPANA;NC;;n.d.
818.;CLUB CICLISTA VIGUES;G36650885;VIGO;ESPANA;NC;;n.d.
819.;CLUB DE AJEDREZ PEÑA PABLO UNAMUNO DE SALAMANCA;G37057866;SALAMANCA;ESPANA;NC;;n.d.
820.;CLUB DEL MAR SA;A07010465;MANACOR;ESPANA;U1;31/12/2020;n.d.
821.;CLUB DEPORTIVO CANILLAS;G86143039;MADRID;ESPANA;NC;;n.d.
822.;CLUB DEPORTIVO ORDUNA;G48741177;URDUÑA/ORDUÑA;ESPANA;NC;;n.d.
823.;CLUB NAUTICO BENIDORM;G03043908;BENIDORM;ESPANA;NC;;n.d.
824.;CLUB NAUTICO DE ALAVA;G01008739;ARRATZUA-UBARRUNDIA;ESPANA;NC;;n.d.
825.;CLUB NAUTICO LLAFRANC;G17044553;PALAFRUGELL;ESPANA;NC;;n.d.
826.;CLUB NAUTICO VITORIA;G01007533;ARRATZUA-UBARRUNDIA;ESPANA;NC;;n.d.
827.;CMDAD PROPIETARIOS REINA VICTORIA 6;H39020904;SANTANDER;ESPANA;NC;;n.d.
828.;COFISA, SOCIEDAD ANONIMA  (EXTINGUIDA);A33007428;OVIEDO;ESPANA;U1;31/12/2009;n.d.
829.;COLEGIO CRISTO CRUCIFICADO APOSTOLICAS DE CRISTO CRUCIFICADO ELCHE DE LA SIERRA;R0200118H;ELCHE DE LA SIERRA;ESPANA;NC;;n.d.
830.;COLEGIO CRISTO CRUCIFICADO EN BAÑOS DE LA ENCINA APOSTOLICAS DE CRISTO CRUCIFICADO;R2300083I;BAÑOS DE LA ENCINA;ESPANA;NC;;n.d.
831.;COLEGIO JESUCRISTO APARECIDO EN MORATALLA APOSTOLICAS DE CRISTO CRUCIFICADO COLEGIO JESUCRISTO APARECIDO;R3000072C;MORATALLA;ESPANA;NC;;n.d.
832.;COLEGIO SAN VIATOR EN PZ FERNANDEZ LADREDA N 2 CLERIGOS DE SAN VIATOR PROVINCIA DE ESPAÑA;R2800823C;MADRID;ESPANA;NC;;n.d.
833.;COM PROP TORRE DE MARBELLA;H29211497;MARBELLA;ESPANA;NC;;n.d.
834.;COMPAÑIA GENERAL IBICENCA PARA FOMENTO DEL URBANISMO Y LA CONSTRUCCION SL;B07026271;EIVISSA;ESPANA;U1;31/12/2001;n.d.
835.;COMPAÑIA INMOBILIARIA DE LOS MONTES DE IRTA SL;B28122372;MADRID;ESPANA;U1;31/12/2001;n.d.
836.;COMPAÑIA URBANIZADORA DE LA RIBERA SUR DEL MAR MENOR SA;A28122091;MADRID;ESPANA;U1;31/12/2008;n.d.
837.;COMPARSA ALMOGAVARES;V53236550;IBI;ESPANA;NC;;n.d.
838.;COMUNIDAD DE AGUAS CANTO DE LOS TILOS Y EL RIO;E38040937;SANTA CRUZ DE LA PALMA;ESPANA;NC;;n.d.
839.;COMUNIDAD DE AGUAS EMPRESA HIDRAULICA ARIDANE;V38028783;LOS LLANOS DE ARIDANE;ESPANA;NC;;n.d.
840.;COMUNIDAD DE AGUAS LA JUNQUERILLA DE GALDAR;G35088251;GALDAR;ESPANA;NC;;n.d.
841.;COMUNIDAD DE AGUAS ZONA ALTA;G38028759;LOS LLANOS DE ARIDANE;ESPANA;NC;;n.d.
842.;COMUNIDAD DE PROPIETARIOS AV PEREZ GALDOS N 29 DE VALENCIA;H46765988;VALENCIA;ESPANA;NC;;n.d.
843.;COMUNIDAD DE PROPIETARIOS CL FLORIDABLANCA 95 BIS DE BARCELONA;H58706649;BARCELONA;ESPANA;NC;;n.d.
844.;COMUNIDAD DE PROPIETARIOS CL LAUSANA 2 ZARAGOZA;H50459395;ZARAGOZA;ESPANA;NC;;n.d.
845.;COMUNIDAD DE PROPIETARIOS CL MUNTANER 258 DE BARCELONA;H59125815;BARCELONA;ESPANA;NC;;n.d.
846.;COMUNIDAD DE PROPIETARIOS DE LA AV PEDRALBES N 57-61 DE BARCELONA;H59001305;BARCELONA;ESPANA;NC;;n.d.
847.;COMUNIDAD DE PROPIETARIOS DE LA CL CRAYWINKEL 13-15 DE BARCELONA;H59398289;BARCELONA;ESPANA;NC;;n.d.
848.;COMUNIDAD DE PROPIETARIOS FC CL PADILLA 239 DE BARCELONA;H58136334;BARCELONA;ESPANA;NC;;n.d.
849.;COMUNIDAD DE PROPIETARIOS PASEO BONANOVA 13-19 BARCELONA;E08506065;BARCELONA;ESPANA;NC;;n.d.
850.;COMUNIDAD DE REGANTES ACEQUIA DE MORATA DE MOROS;G50171024;MOROS;ESPANA;NC;;n.d.
851.;COMUNIDAD DE REGANTES DE AUBARRELLS TOMA C 72 O;G25071903;ALMENAR;ESPANA;NC;;n.d.
852.;COMUNIDAD DE REGANTES DE LA ACEQUIA DE MANISES;G46413878;MANISES;ESPANA;NC;;n.d.
853.;COMUNIDAD DE REGANTES DE LA MARGEN IZQUIERDA DEL PANTANO DE ROSARITO;G10006773;TALAYUELA;ESPANA;NC;;n.d.
854.;COMUNIDAD DE REGANTES DEL ALTO URGEL;G25039777;TARREGA;ESPANA;NC;;n.d.
855.;COMUNIDAD DE REGANTES SECTOR V SUBSECTOR I ZONA MEDIA DE VEGAS DE LA PROVINCIA DE JAEN TORREBLASCOPEDRO;G23014350;TORREBLASCOPEDRO;ESPANA;NC;;n.d.
856.;COMUNIDAD DE REGANTES VIRGEN DEL AVISO;Q4967001A;MORALEJA DEL VINO;ESPANA;NC;;n.d.
857.;COMUNIDAD DE USUARIOS DEL COLECTOR DEL RIO URUMEA;V20046322;DONOSTIA/SAN SEBASTIAN;ESPANA;NC;;n.d.
858.;COMUNIDAD ETEA COMPAÑIA DE JESUS PROVINCIA BETICA;R1400099F;CORDOBA;ESPANA;NC;;n.d.
859.;CONFECCIONES BAVER SL;B08147399;BARCELONA;ESPANA;U1;31/12/2005;n.d.
860.;CONIBISA SOCIEDAD LIMITADA;B07010291;EIVISSA;ESPANA;U1;31/12/2020;n.d.
861.;CONSTRUCCION Y CERAMICA DE SANEAMIENTO SOCIEDAD LIMITADA.(EXTINGUIDA);B46020335;VALENCIA;ESPANA;U1;31/12/2006;n.d.
862.;CONSTRUCCIONES CULTURALES, SA;A33007493;OVIEDO;ESPANA;U1;31/12/2014;n.d.
863.;CONSTRUCCIONES LOPEZ SA (EXTINGUIDA);A50010396;ZARAGOZA;ESPANA;U1;31/12/2002;n.d.
864.;CONSTRUCCIONES Y MATERIALES PARA OBRAS SL;B17007279;RIBES DE FRESER;ESPANA;U1;31/12/2013;n.d.
865.;COOP AGRICOLA DE COSECHEROS DE LANZAROTE;F35007178;ARRECIFE;ESPANA;NC;;n.d.
866.;COOP AGRICOLA NTRA S.A. NIEVES;F43011725;LA NOU DE GAIA;ESPANA;NC;;n.d.
867.;COOP AGROPECUARIA NTRA SEÑORA DE BUSTILLINO;F47004056;VILLACID DE CAMPOS;ESPANA;NC;;n.d.
868.;COOP DE COMERCIANTES DEL MERCADO DE LA ENCARNACION DE SEVILLA;F41021502;SEVILLA;ESPANA;NC;;n.d.
869.;COOP DEL CAMPO NUESTRO PADRE JESUS DE LA COLUMNA;F23006257;TORRES;ESPANA;NC;;n.d.
870.;COOP DEL CAMPO SANTISIMO CRISTO DE LA CALZADA DE VENTOSA DEL RIO ALMAR N 10946;F37008992;VENTOSA DEL RIO ALMAR;ESPANA;NC;;n.d.
871.;COOP DEL CAMPO VIRGEN DE LA SOLEDAD DE JARQUE;F50011535;JARQUE DE MONCAYO;ESPANA;NC;;n.d.
872.;COOP DEL CAMPO Y CAJA RURAL LA ASUNCION DE NUESTRA SEÑORA;F45020187;MANZANEQUE;ESPANA;NC;;n.d.
873.;COOP NTRA SEÑORA DE LA PAZ DE LA PUEBLANUEVA;F45002318;LA PUEBLANUEVA;ESPANA;NC;;n.d.
874.;COOP NTRA SRA FINIBUSTERRE;F45045127;LOS YEBENES;ESPANA;NC;;n.d.
875.;COOP OLIVARERA NTRA SEÑORA DE GUIA S.C. ANDALUZA;F14011100;VILLANUEVA DEL DUQUE;ESPANA;NC;;n.d.
876.;COOP PANADERA SAN PEDRO;F38005054;GÜIMAR;ESPANA;NC;;n.d.
877.;COOP VALENCIANA DE LABRADORES Y GANADEROS SAN FRANCISCO DE ASIS DE BALONES;F03023066;BALONES;ESPANA;NC;;n.d.
878.;COOPERATIVA DE VIVIENDAS EL SALVADOR;F31023880;PAMPLONA/IRUÑA;ESPANA;NC;;n.d.
879.;CORESA SL (EXTINGUIDA);B08149593;BARCELONA;ESPANA;U1;31/12/2016;n.d.
880.;CORPORACION ATLANTICA MERIDIONAL SA;A31007792;MADRID;ESPANA;U1;30/09/2021;n.d.
881.;COSMOQUIMICA SA (EXTINGUIDA);A08141962;SANT BOI DE LLOBREGAT;ESPANA;U1;31/12/2009;n.d.
882.;CREDINORD ESPANA S.A. (EXTINGUIDA);A28119196;MADRID;ESPANA;U1;31/12/2004;n.d.
883.;CTAT PROP FRANCESC CIURANA N.19 DE GIRONA;H17087594;GIRONA;ESPANA;NC;;n.d.
884.;DEM SL (EXTINGUIDA);B08140378;BARCELONA;ESPANA;U1;31/12/2011;n.d.
885.;DESINFECCION Y PRODUCTOS AGROPECUARIOS SL;B46005930;PATERNA;ESPANA;U1;31/12/2021;n.d.
886.;DIRECCION GENERAL DE TRANSPORTES TERRESTRES - MTC;S2829023G;MADRID;ESPANA;NC;;n.d.
887.;DISTRIBUIDORA CORDOBESA SA;A14009963;CORDOBA;ESPANA;U1;31/12/2001;n.d.
888.;EL TORBISCAL SL;B28115251;MADRID;ESPANA;U1;31/12/2021;n.d.
889.;ELGOIBARKO IZARRA EUSKALTZALEON TOPAGUNE;G20144713;ELGOIBAR;ESPANA;NC;;n.d.
890.;EMPRESA PICO SANJUAN SL;B03006202;IBI;ESPANA;U1;31/12/2009;n.d.
891.;ESTACION DE LA FUENTE SL;B37003423;LA FUENTE DE SAN ESTEBAN;ESPANA;U1;31/12/2019;n.d.
892.;EUROCASA SA;A28118669;MADRID;ESPANA;U1;31/12/2004;n.d.
893.;EUROFLOR SL;B08153579;BARCELONA;ESPANA;U1;31/12/2021;n.d.
894.;EUROMOTOR S L (EXTINGUIDA);B08154635;BARCELONA;ESPANA;U1;31/12/2009;n.d.
895.;EUROPEA DE COMERCIO SA  (EXTINGUIDA);A28122356;MADRID;ESPANA;U1;31/12/2001;n.d.
896.;EXPLOTACIONES AGRICOLAS VICO SL;B08152076;SANT PERE DE RIBES;ESPANA;U1;31/12/2014;n.d.
897.;FALLA MARQUES MONTORTAL-BERNI I CATALA;G46763470;VALENCIA;ESPANA;NC;;n.d.
898.;FEDERACION ARAGONESA DE MONTANISMO;V50120211;ZARAGOZA;ESPANA;NC;;n.d.
899.;FEDERACION ASTURIANA DE SALVAMENTO Y SOCORRISMO;V33642471;GIJON;ESPANA;NC;;n.d.
900.;FINOR SL (EXTINGUIDA);B08148074;BARCELONA;ESPANA;U1;31/12/2014;n.d.
901.;FOMENTO CULTURAL Y ARTISTICO;G08481699;MOLINS DE REI;ESPANA;NC;;n.d.
902.;FRATERNIDAD MISIONERA VERBUM DEI;R4600839G;LOECHES;ESPANA;NC;;n.d.
903.;FREIRE TOUCEDA Y VAZQUEZ C.B.;E15064785;A CORUÑA;ESPANA;NC;;n.d.
904.;FRIGORIFICOS DEL ATLANTICO SA;A38002861;SANTA CRUZ DE TENERIFE;ESPANA;U1;31/12/2021;n.d.
905.;FUNDACIO ILURO FUNDACIO PRIVADA ESPECAL;G08169823;MATARO;ESPANA;NC;;n.d.
906.;FUNDACION PADRE VINJOY DE LA SAGRADA FAMILIA;G33396292;OVIEDO;ESPANA;NC;;n.d.
907.;FUNDACION PATRONATO NTRA SRA DE CONSOLACION ENTIDAD CONSTRUCTORA BENEFICA;G41470527;UTRERA;ESPANA;NC;;n.d.
908.;FUNDACION PURISIMA CONCEPCION;G18049544;GRANADA;ESPANA;NC;;n.d.
909.;FUNDACION RENAULT ESPANA;G47013487;VALLADOLID;ESPANA;NC;;n.d.
910.;GALERIA JUANA MORDO S.L. (EXTINGUIDA);B28124998;MADRID;ESPANA;U1;31/12/2005;n.d.
911.;GENERAL AZULEJERA SL (EXTINGUIDA);B12008264;ALCORA;ESPANA;U1;31/12/2001;n.d.
912.;GRAFICAS RONDA SL (EN LIQUIDACION);B46021978;VALENCIA;ESPANA;U1;31/12/2013;n.d.
913.;GRAND MAO SA;A08140485;CERDANYOLA DEL VALLES;ESPANA;U1;31/12/2002;n.d.
914.;GRES SA;A08142150;BARCELONA;ESPANA;NC;;n.d.
915.;HARINERA CHINGURRI, SA  (EXTINGUIDA);A20023560;DONOSTIA-SAN SEBASTIAN;ESPANA;U1;31/12/2014;n.d.
916.;HEREDEROS DE JOSE GARCIA ANDRADE C.B.;E78016532;MADRID;ESPANA;NC;;n.d.
917.;HEREDEROS DE JUANA EMERY C.B.;E20118717;LAZKAO;ESPANA;NC;;n.d.
918.;HERMANAS HOSPITALARIAS SAGRADO CORAZON DE JESUS-SAGRAT COR;R0801948A;MARTORELL;ESPANA;NC;;n.d.
919.;HERMANAS OLIVAN CAÑADA C.B.;E50152586;ZARAGOZA;ESPANA;NC;;n.d.
920.;HERMANOS MALMIERCA GARCIA S. EN C.;J48043368;BILBAO;ESPANA;NC;;n.d.
921.;HERMANOS VERA SANSO C.B.;E07409220;ANDRATX;ESPANA;NC;;n.d.
922.;HIBE SA  (EXTINGUIDA);A28118412;MADRID;ESPANA;U1;31/12/2012;n.d.
923.;HIDRAULICA Y AUTOMATISMOS SA (EXTINGUIDA);A08155889;TONA;ESPANA;U1;31/12/2013;n.d.
924.;HIJOS DE ANTONIO PONS SL;B46022703;UTIEL;ESPANA;U1;31/12/2021;n.d.
925.;HIJOS DE RICARDO QUESADA CALZADOS C.B.;E35005032;LAS PALMAS DE GRAN CANARIA;ESPANA;NC;;n.d.
926.;HISPANDEX SL (EXTINGUIDA);B08148165;SANT SADURNI D'ANOIA;ESPANA;U1;30/04/2018;n.d.
927.;HOGAR DE LA SANTA CARIDAD EN CARMONA HERMANITAS DE LOS ANCIANOS DESAMPARADOS PROVINCIA SAN RAFAEL;R4100179C;CARMONA;ESPANA;NC;;n.d.
928.;HOGAR NTRA SEÑORA DEL ROSARIO;G18027292;GRANADA;ESPANA;NC;;n.d.
929.;HORMIGONES SA (EXTINGUIDA);A28120798;MADRID;ESPANA;U1;31/12/2008;n.d.
930.;HOTEL PLAYA CANYELLES SA (EXTINGUIDA);A17007188;LLORET DE MAR;ESPANA;U1;31/12/2000;n.d.
931.;IES MIGUEL HERRERO PEREDA;Q3968397D;TORRELAVEGA;ESPANA;NC;;n.d.
932.;IFARA SL;B38014627;SANTA CRUZ DE TENERIFE;ESPANA;U1;31/12/2008;n.d.
933.;IMSIDEX SA (EN LIQUIDACION);A28129013;PARACUELLOS DE JARAMA;ESPANA;U1;31/12/2001;n.d.
934.;INDUSTRIAS REUNIDAS BENITO Y ARRIBAS SL;B09003005;PRADOLUENGO;ESPANA;U1;31/12/2021;n.d.
935.;INDUSTRIAS WALTER SL;B50076108;ZARAGOZA;ESPANA;U1;31/12/2015;n.d.
936.;INGENICO BARCELONA SA;A08141475;MADRID;ESPANA;U1;31/12/2021;n.d.
937.;INMOBILIARIA CALIFORNIA SA;A28117828;MADRID;ESPANA;U1;31/12/2014;n.d.
938.;INMOBILIARIA CAN VISENT SL;B28121283;SITGES;ESPANA;NC;;n.d.
939.;INMOBILIARIA DE COLABORADORES DE BEPASA SA (EXTINGUIDA);A28116531;MADRID;ESPANA;U1;31/12/2003;n.d.
940.;INMOBILIARIA GUINDEO SL  (EXTINGUIDA);B50010461;ZARAGOZA;ESPANA;U1;31/12/2009;n.d.
941.;INMOBILIARIA MONTSANT SL;B43007475;TARRAGONA;ESPANA;U1;31/12/2018;n.d.
942.;INMOBILIARIA PORTUGALETE SA (EXTINGUIDA);A28126175;MADRID;ESPANA;U1;31/12/2005;n.d.
943.;INMOBILIARIA QUATRE VENTS SL;B08150005;L'AMETLLA DEL VALLES;ESPANA;U1;31/12/2014;n.d.
944.;INMOBILIARIA TORREJON SOCIEDAD LIMITADA.(EXTINGUIDA);B28118487;MADRID;ESPANA;U1;31/12/2006;n.d.
945.;INMUEBLES COMERCIALES E INDUSTRIALES S.L.;B08150708;BARCELONA;ESPANA;U1;31/12/2003;n.d.
946.;INVERSIONES PRONA SA;A28117166;MADRID;ESPANA;U1;31/12/2004;n.d.
947.;INVERSIONES TURISTICAS SA;A28116267;MADRID;ESPANA;U1;31/12/2010;n.d.
948.;JOCOMA SA  (EXTINGUIDA);A28116465;MADRID;ESPANA;U1;31/12/2016;n.d.
949.;JOSE ESTEVE FALLA MARQUES DE MONTORTAL;G46783270;VALENCIA;ESPANA;NC;;n.d.
950.;JOSE LUIS ORTEGA GONZALEZ IÑIGO GOMEZ BAÑARES LUCIA GOMEZ BAÑARES Y VIRGINIA GOMEZ BAÑARES C.B.;E26038679;LOGROÑO;ESPANA;NC;;n.d.
951.;JUFER SL;B28118057;BARCELONA;ESPANA;U1;31/12/2003;n.d.
952.;LA TRANSFORMADORA DE PLASTICOS SA (EXTINGUIDA);A08139222;BARCELONA;ESPANA;U1;31/12/2002;n.d.
953.;LABRADORES Y GANADEROS DE ALBENDIN SCA;F14011134;BAENA;ESPANA;NC;;n.d.
954.;LAS MESAS DE RETIN SL;B11004033;MALAGA;ESPANA;U1;31/12/2008;n.d.
955.;LINDE INGENIERIA Y TECNOLOGIA SA(EXTINGUIDA);A08141871;ALCALA DE HENARES;ESPANA;U1;31/12/2009;n.d.
956.;LOMAS DE LA PARRA SA;A28264356;SAN ROQUE;ESPANA;U1;31/12/2007;n.d.
957.;LOS DRAGONES SL (EXTINGUIDA);B07010127;MANACOR;ESPANA;U1;31/12/2020;n.d.
958.;MAFEDO SL (EXTINGUIDA);B28098010;MADRID;ESPANA;U1;31/12/2007;n.d.
959.;MANANTIAL MASSANA S.L.;B17000944;PAU;ESPANA;NC;;n.d.
960.;MANCOMUNIDAD DE LA CAMPANA DE OROPESA Y CUATRO VILLAS;P4500001E;OROPESA;ESPANA;NC;;n.d.
961.;MANIPULACIONES Y ALMACENAJES PORTUARIOS SA;A08145518;BARCELONA;ESPANA;U1;31/12/2018;n.d.
962.;MANUFACTURAS DE CONFECCIONES TEXTILES SL;B29006988;MALAGA;ESPANA;U1;31/12/2001;n.d.
963.;MANUFACTURES TEXTILS BON AIRE SA (EXTINGUIDA);A08140147;TERRASSA;ESPANA;U1;31/12/2010;n.d.
964.;MARIA MANUELA ALCALDE GONTAN Y OTRA C.B.;E15095110;SANTIAGO DE COMPOSTELA;ESPANA;NC;;n.d.
965.;MARMOLES VICAPA SL;B46077541;BUÑOL;ESPANA;U1;31/12/2017;n.d.
966.;MARQUES Y XERCAVINS SL (EXTINGUIDA);B08156523;SANT CUGAT DEL VALLES;ESPANA;U1;31/12/2014;n.d.
967.;MATERIALES DE ALMACENAMIENTO SL;B28122893;MADRID;ESPANA;U1;31/12/2004;n.d.
968.;MATERIALES Y ACCESORIOS SERVICIO ELECTRIC ROJAS SL (EXTINGUIDA);B08156630;BARCELONA;ESPANA;U1;31/12/2000;n.d.
969.;MINDANAO SA  (EXTINGUIDA);A28119568;MADRID;ESPANA;U1;31/12/2015;n.d.
970.;MOPESA SOCIEDAD ANONIMA;A15011190;MADRID;ESPANA;U1;31/12/2013;n.d.
971.;MORA SA  (EXTINGUIDA);A46022364;ONTINYENT;ESPANA;U1;31/12/2017;n.d.
972.;MURALCUDIA SA;A07010846;PALMA;ESPANA;U1;31/12/2019;n.d.
973.;NUESTRA SEÑORA DE LA ANTIGUA S.C. DE CLM;F45002292;MORA;ESPANA;NC;;n.d.
974.;NUESTRA SEÑORA DE LA PIEDAD S.C. DE CLM;F45002557;SANTA OLALLA;ESPANA;NC;;n.d.
975.;OLGA SL;B28122109;BADALONA;ESPANA;U1;31/12/2019;n.d.
976.;PANIFICADORA LOS ANGELES SA;A28107654;MADRID;ESPANA;NC;;n.d.
977.;PANORAMA HOLIDAYS SL;B17007220;SANTA EULARIA DES RIU;ESPANA;U1;31/12/2019;n.d.
978.;PATRONATO MUNICIPAL DE VIVIENDAS PARA FUNCIONARIOS DEL AYUNTAMIENTO DE CERDANYOLA;P5826601F;CERDANYOLA DEL VALLES;ESPANA;NC;;n.d.
979.;PECUARIA BURGALESA SA;A09003088;BURGOS;ESPANA;U1;31/12/2008;n.d.
980.;PEDRO JIMENEZ Y OTROS C.B.;E29506573;MALAGA;ESPANA;NC;;n.d.
981.;PEÑA CULTURAL RECREATIVA LAS VEREDILLAS DE UTRERA;G41203845;UTRERA;ESPANA;NC;;n.d.
982.;PEÑA CULTURAL SEVILLISTA;G41261389;SANTIPONCE;ESPANA;NC;;n.d.
983.;PEÑA CULTURAL SEVILLISTA SAN BERNANDO;G41293887;SEVILLA;ESPANA;NC;;n.d.
984.;PEÑA RECREATIVA NTRA SRA DEL CARMEN DE SEVILLA;G41177379;SEVILLA;ESPANA;NC;;n.d.
985.;PESQUERA ARTAPE SA (EXTINGUIDA);A48035869;ONDARROA;ESPANA;U1;31/12/2003;n.d.
986.;PIENSOS RAVES SA;A17007147;SANT GREGORI;ESPANA;U1;31/12/2007;n.d.
987.;PIROSKA SL;B36604379;VIGO;ESPANA;U1;31/12/2021;n.d.
988.;PLAZA DE TOROS DE MARBELLA SA;A29005964;DOS HERMANAS;ESPANA;U1;31/12/2019;n.d.
989.;PRETENSADOS ARGILES SL;B25006016;TARREGA;ESPANA;U1;31/12/2019;n.d.
990.;REAL AERO CLUB DE LA CORUÑA;G15130388;CULLEREDO;ESPANA;NC;;n.d.
991.;RELIGIOSAS DE MARIA INMACULADA SERVICIO DOMESTICO;R1100097C;CADIZ;ESPANA;NC;;n.d.
992.;RESTAURANTES VALENTIN S.L.(EXTINGUIDA);B28118545;MADRID;ESPANA;U1;31/12/2005;n.d.
993.;S.C. AND DEL CAMPO Y CAJA RURAL SAN JUAN BAUTISTA;F23006232;MONTIZON;ESPANA;NC;;n.d.
994.;S.C. ANDALUZA DEL CAMPO SAN JUAN BAUTISTA;F23006869;HUELMA;ESPANA;NC;;n.d.
995.;S.C. ANDALUZA VIRGEN DE LA CABEZA DE MONTEJICAR;F18005009;MONTEJICAR;ESPANA;NC;;n.d.
996.;SACOR S.A. (EXTINGUIDA);A28125656;MADRID;ESPANA;U1;31/12/2001;n.d.
997.;SAN ISIDRO S.C. DE CLM;F45000742;MIGUEL ESTEBAN;ESPANA;NC;;n.d.
998.;SANTISIMO CRISTO DE LA CARCEL SOC COOP ANDALUZA;F41013202;MAIRENA DEL ALCOR;ESPANA;NC;;n.d.
999.;SAT N 1679;F28354983;VILLA DEL PRADO;ESPANA;NC;;n.d.
1000.;SAT N 3569;F03043932;ALBATERA;ESPANA;NC;;n.d.
1001.;SCANDINAVIAN AIRLINES SYSTEM DENMARK-NORWAY-SWEDEN SUCURSAL EN ESPAÑA.;W0301003J;MADRID;ESPANA;NC;;n.d.
1002.;SERVEIS ADMINISTRATIUS G, SOCIEDAD LIMITADA;B43007095;CUARTE DE HUERVA;ESPANA;U1;31/12/2015;n.d.
1003.;SOCIEDAD INMUEBLES DEL NORTE COMPAÑIA ANONIMA  (EXTINGUIDA);A48036578;BILBAO;ESPANA;U1;31/12/2012;n.d.
1004.;SOCIEDAD RECREATIVA CASINO DE MUROS;G33099185;MUROS DE NALON;ESPANA;NC;;n.d.
1005.;SOUTHERN MUSIC ESPAÑOLA SL;B08148843;MADRID;ESPANA;NC;;n.d.
1006.;SUMINISTROS Y CARBURANTES URGEL SA  (EXTINGUIDA);A25006461;BELLCAIRE D'URGELL;ESPANA;U1;31/12/2013;n.d.
1007.;TALLERES CAMINERO SL;B28131407;MADRID;ESPANA;U1;31/12/2021;n.d.
1008.;TELECASA SL;B12007746;CASTELLO DE LA PLANA;ESPANA;U1;31/12/2013;n.d.
1009.;TRANSACCIONES URBANAS SA;A08146151;BARCELONA;ESPANA;NC;;n.d.
1010.;TRANSCOMERCIAL AGRO URBANA SA;A28116721;MADRID;ESPANA;NC;;n.d.
1011.;TRANSPORTES JUMAR SA  (EXTINGUIDA);A13002324;ALCAZAR DE SAN JUAN;ESPANA;U1;31/12/2014;n.d.
1012.;TURBOMOVIL SA;A28206860;MADRID;ESPANA;U1;31/12/2000;n.d.
1013.;UNIVERSIDAD DE LA IGLESIA DE DEUSTO;R4868004E;BILBAO;ESPANA;NC;;n.d.
1014.;URBANIZACIONES CALAHONDA SA (EXTINGUIDA);A28125599;MIJAS;ESPANA;U1;31/12/2002;n.d.
1015.;URBANIZADORA BEJAR SA (EN LIQUIDACION);A37003316;MADRID;ESPANA;U1;31/12/2009;n.d.
1016.;URBANIZADORA JAIZQUIBEL S.A.(EXTINGUIDA);A28165215;DONOSTIA-SAN SEBASTIAN;ESPANA;U1;31/12/2004;n.d.
1017.;VALENCIANA DE INVERSIONES MOBILIARIAS SL;B46020426;VALENCIA;ESPANA;U1;31/12/2020;n.d.
1018.;VALREY SL  (EXTINGUIDA);B28114510;MADRID;ESPANA;U1;31/12/2007;n.d.
1019.;VILLAMARIN HERMANOS SA  (EXTINGUIDA);A41004904;SEVILLA;ESPANA;U1;31/08/2009;n.d.
1020.;WILFRAM SA;A07010234;MADRID;ESPANA;U1;31/12/2002;n.d.